embed_dim,window,lr,share,epoch,loss,ppl,type
100,2,0.001,False,0,6.913747852131472,1006.0105645360896,train
100,2,0.001,False,0,6.695585830538881,808.8276313710026,eval
100,2,0.001,False,0,6.626952171325684,755.1770094145242,test
100,2,0.001,False,1,6.722504009634761,830.895479055342,train
100,2,0.001,False,1,6.579693775550992,720.3187162703401,eval
100,2,0.001,False,1,6.504902814996654,668.4107067010386,test
100,2,0.001,False,2,6.603986978530884,738.031848287828,train
100,2,0.001,False,2,6.523227925394096,680.77232477279,eval
100,2,0.001,False,2,6.44572483260056,630.0031583333553,test
100,2,0.001,False,3,6.509813583503335,671.7011897365912,train
100,2,0.001,False,3,6.489323756274055,658.0781914617255,eval
100,2,0.001,False,3,6.4103894562556825,608.1304751658328,test
100,2,0.001,False,4,6.428834551471775,619.4515882161024,train
100,2,0.001,False,4,6.468046244452982,644.2238407086404,eval
100,2,0.001,False,4,6.388118908323091,594.7367723956264,test
100,2,0.001,False,5,6.3564007322667,576.1688339637951,train
100,2,0.001,False,5,6.454872449239095,635.7926252474999,eval
100,2,0.001,False,5,6.374114258535977,586.4657437949497,test
100,2,0.001,False,6,6.290398205740977,539.3680657874077,train
100,2,0.001,False,6,6.447359515171425,631.0338557178798,eval
100,2,0.001,False,6,6.365928148401195,581.6844673541026,test
100,2,0.001,False,7,6.229613724401442,507.55938781841087,train
100,2,0.001,False,7,6.444199618171243,629.0430008349184,eval
100,2,0.001,False,7,6.362366232378729,579.6162417394656,test
100,2,0.001,False,8,6.173221260814343,479.72895187499154,train
100,2,0.001,False,8,6.444417355107326,629.1799816429341,eval
100,2,0.001,False,8,6.362365097835146,579.6155841399508,test
100,2,0.001,False,9,6.120628441794444,455.15064032510827,train
100,2,0.001,False,9,6.447272076326258,630.9786812585052,eval
100,2,0.001,False,9,6.365192166690169,581.2565157261452,test
100,2,0.001,False,10,6.071378336114399,433.27747217843165,train
100,2,0.001,False,10,6.452245833827,634.1248338213168,eval
100,2,0.001,False,10,6.370285289040927,584.2244779595914,test
100,2,0.001,False,11,6.025099018872795,413.6826023800535,train
100,2,0.001,False,11,6.45895523183486,638.3937345811537,eval
100,2,0.001,False,11,6.377205100552789,588.2812209885706,test
100,2,0.001,False,12,5.981491028252295,396.0304206995329,train
100,2,0.001,False,12,6.4671103533576515,643.6211994000264,eval
100,2,0.001,False,12,6.385622304061363,593.2538020004451,test
100,2,0.001,False,13,5.94028737181324,380.0441278172588,train
100,2,0.001,False,13,6.476466468736237,649.6712519631263,eval
100,2,0.001,False,13,6.3952409398966825,598.987625854773,test
100,2,0.001,False,14,5.901275719626475,365.50345049587963,train
100,2,0.001,False,14,6.486810515908634,656.4263593823365,eval
100,2,0.001,False,14,6.405824414614973,605.3606611919313,test
100,2,0.001,False,15,5.8642677210145076,352.22413531516213,train
100,2,0.001,False,15,6.497965962279077,663.790084888939,eval
100,2,0.001,False,15,6.417187435873624,612.2786172590951,test
100,2,0.001,False,16,5.8290930562100165,340.0501328196008,train
100,2,0.001,False,16,6.50977606866874,671.6759914502186,eval
100,2,0.001,False,16,6.429172836501023,619.6611748627532,test
100,2,0.001,False,17,5.795606883905702,328.85169823785566,train
100,2,0.001,False,17,6.522108872731526,680.010930789588,eval
100,2,0.001,False,17,6.4416406072419266,627.435330820664,test
100,2,0.001,False,18,5.763677892038378,318.5176508119051,train
100,2,0.001,False,18,6.534850588031843,688.730872000817,eval
100,2,0.001,False,18,6.454484322975421,635.5459053137317,test
100,2,0.001,False,19,5.733205520500571,308.95805412054835,train
100,2,0.001,False,19,6.547891934712728,697.7716740538617,eval
100,2,0.001,False,19,6.467615875704535,643.9466465527246,test
100,2,0.001,False,20,5.7040946847301415,300.0936776449734,train
100,2,0.001,False,20,6.561153664308436,707.0869652253699,eval
100,2,0.001,False,20,6.480951638057314,652.5916819469073,test
100,2,0.001,False,21,5.676261930142418,291.8564086564326,train
100,2,0.001,False,21,6.5745787153057025,716.6436497469618,eval
100,2,0.001,False,21,6.494420511969205,661.4408171936187,test
100,2,0.001,False,22,5.649630437463017,284.1864217599393,train
100,2,0.001,False,22,6.588119188944499,726.4133380304004,eval
100,2,0.001,False,22,6.507971081240424,670.4647182250798,test
100,2,0.001,False,23,5.6241319421994485,277.03170058916436,train
100,2,0.001,False,23,6.601729019015443,736.3672822218981,eval
100,2,0.001,False,23,6.521560652502652,679.6382372098874,test
100,2,0.001,False,24,5.599703954438032,270.3463607377131,train
100,2,0.001,False,24,6.615369544309728,746.4805370059329,eval
100,2,0.001,False,24,6.535159012366986,688.9433261234326,test
100,2,0.001,False,25,5.576274750596386,264.0859849264445,train
100,2,0.001,False,25,6.629002262564266,756.7267792270706,eval
100,2,0.001,False,25,6.54873120373693,698.3575380202116,test
100,2,0.001,False,26,5.5537886659977795,258.21399161359074,train
100,2,0.001,False,26,6.642607249465644,767.0923892554065,eval
100,2,0.001,False,26,6.562254864594032,707.8660384725306,test
100,2,0.001,False,27,5.532203771300235,252.70019127024048,train
100,2,0.001,False,27,6.6561726775823855,777.5692266504954,eval
100,2,0.001,False,27,6.575712088880868,717.4563351734955,test
100,2,0.001,False,28,5.51148040415877,247.51728158544293,train
100,2,0.001,False,28,6.669685027178596,788.147320378134,eval
100,2,0.001,False,28,6.589085546033136,727.1156519972722,test
100,2,0.001,False,29,5.491575487589432,242.63918089948012,train
100,2,0.001,False,29,6.6831283849828385,798.8142055391245,eval
100,2,0.001,False,29,6.602355907703268,736.8290472637257,test
100,2,0.001,False,30,5.472437814130622,238.03978275383827,train
100,2,0.001,False,30,6.696482321795295,809.5530633936199,eval
100,2,0.001,False,30,6.615503023410666,746.5801832070745,test
100,2,0.001,False,31,5.45402582217071,233.69709761029523,train
100,2,0.001,False,31,6.709739946851544,820.3572752165313,eval
100,2,0.001,False,31,6.628518803366299,756.3610211269884,test
100,2,0.001,False,32,5.4363047712940284,229.592218264317,train
100,2,0.001,False,32,6.722895341760972,831.2206987801324,eval
100,2,0.001,False,32,6.641412513009433,766.1764632667154,test
100,2,0.001,False,33,5.419237508612164,225.70695726203118,train
100,2,0.001,False,33,6.735934734344482,842.1302844045634,eval
100,2,0.001,False,33,6.654174886900803,776.0173567669515,test
100,2,0.001,False,34,5.402800879235995,222.02741810774205,train
100,2,0.001,False,34,6.748844548767688,853.0725091700781,eval
100,2,0.001,False,34,6.666793231306405,785.8714514705357,test
100,2,0.001,False,35,5.386970451322653,218.54030315453917,train
100,2,0.001,False,35,6.76161314459408,864.0348853868392,eval
100,2,0.001,False,35,6.679263715086313,795.7330100627382,test
100,2,0.001,False,36,5.371717477248887,215.23220686626456,train
100,2,0.001,False,36,6.774245280845492,875.0187203771488,eval
100,2,0.001,False,36,6.691588393573103,805.6008476275915,test
100,2,0.001,False,37,5.3570111929360085,212.09010181356456,train
100,2,0.001,False,37,6.7867422571369245,886.022421870922,eval
100,2,0.001,False,37,6.70376626376448,815.4713289131486,test
100,2,0.001,False,38,5.342827130172212,209.10303693559104,train
100,2,0.001,False,38,6.799097341649673,897.0372079646966,eval
100,2,0.001,False,38,6.715788726148935,825.3344731298179,test
100,2,0.001,False,39,5.329139794333506,206.26047139654466,train
100,2,0.001,False,39,6.811297874824674,908.0485758701307,eval
100,2,0.001,False,39,6.727645265644994,835.1783256023233,test
100,2,0.0001,False,0,8.252620050462626,3837.667543408855,train
100,2,0.0001,False,0,7.804442293503705,2451.4679650183502,eval
100,2,0.0001,False,0,7.739356336922481,2296.993417343512,test
100,2,0.0001,False,1,7.440814050577455,1704.136910292513,train
100,2,0.0001,False,1,7.212375145332486,1356.109402197441,eval
100,2,0.0001,False,1,7.134037996160573,1253.9301227564783,test
100,2,0.0001,False,2,7.239735457856776,1393.725223036369,train
100,2,0.0001,False,2,7.031942049662272,1132.2273181187722,eval
100,2,0.0001,False,2,6.954473257064819,1047.8264573790595,test
100,2,0.0001,False,3,7.124255422818458,1241.7232639587223,train
100,2,0.0001,False,3,6.9279983464409325,1020.4493479140382,eval
100,2,0.0001,False,3,6.851848404982994,945.6271942689743,test
100,2,0.0001,False,4,7.04772952047445,1150.2441699023373,train
100,2,0.0001,False,4,6.859583461985869,952.9700365611311,eval
100,2,0.0001,False,4,6.7841440644757505,883.7233529221586,test
100,2,0.0001,False,5,6.992204342858266,1088.1174183368196,train
100,2,0.0001,False,5,6.810587733399634,907.4039618710991,eval
100,2,0.0001,False,5,6.735305424394278,841.6004901570997,test
100,2,0.0001,False,6,6.949279118392427,1042.398011709156,train
100,2,0.0001,False,6,6.773225213967118,874.1265978522113,eval
100,2,0.0001,False,6,6.6977890277731005,810.6116026700878,test
100,2,0.0001,False,7,6.914384813631996,1006.6515586574359,train
100,2,0.0001,False,7,6.743388895894967,848.43111411717,eval
100,2,0.0001,False,7,6.667691839152369,786.5779591118594,test
100,2,0.0001,False,8,6.884957252922705,977.4598852624013,train
100,2,0.0001,False,8,6.718737901425829,827.7721219130891,eval
100,2,0.0001,False,8,6.642746876026022,767.199503205013,test
100,2,0.0001,False,9,6.859409732333685,952.8044917885717,train
100,2,0.0001,False,9,6.697786677117441,810.6096972035759,eval
100,2,0.0001,False,9,6.6214808431164975,751.0564708286569,test
100,2,0.0001,False,10,6.836705983695337,931.4159765781958,train
100,2,0.0001,False,10,6.679534023883296,795.948132768878,eval
100,2,0.0001,False,10,6.602871352228625,737.208939660579,test
100,2,0.0001,False,11,6.816083103923474,912.4042093791912,train
100,2,0.0001,False,11,6.663270099490297,783.1075943318531,eval
100,2,0.0001,False,11,6.586180136121553,725.006148944562,test
100,2,0.0001,False,12,6.797165248353602,895.3057216240719,train
100,2,0.0001,False,12,6.648643269258387,771.7365762016423,eval
100,2,0.0001,False,12,6.571154101141568,714.1936193522897,test
100,2,0.0001,False,13,6.779684959831885,879.7915107779667,train
100,2,0.0001,False,13,6.635423800524543,761.6017646653346,eval
100,2,0.0001,False,13,6.557583274512456,704.5668906412409,test
100,2,0.0001,False,14,6.7633705017930374,865.55463829606,train
100,2,0.0001,False,14,6.623364757089054,752.4727302448072,eval
100,2,0.0001,False,14,6.545211380925672,695.9037641853804,test
100,2,0.0001,False,15,6.74801715349747,852.3669729297613,train
100,2,0.0001,False,15,6.612272402819465,744.1721576969834,eval
100,2,0.0001,False,15,6.5338384200786725,688.0341133616861,test
100,2,0.0001,False,16,6.733508469694752,840.0895301710921,train
100,2,0.0001,False,16,6.602012213538675,736.5758469341085,eval
100,2,0.0001,False,16,6.523346703628014,680.8531905096762,test
100,2,0.0001,False,17,6.719717930939238,828.5837606729483,train
100,2,0.0001,False,17,6.592452067954867,729.5676277786824,eval
100,2,0.0001,False,17,6.513603309105182,674.2515825241495,test
100,2,0.0001,False,18,6.706563961707939,817.7559657447052,train
100,2,0.0001,False,18,6.5835468815822225,723.0995346139416,eval
100,2,0.0001,False,18,6.504542457646337,668.1698833836806,test
100,2,0.0001,False,19,6.694002729351237,807.5481883982379,train
100,2,0.0001,False,19,6.575242650275137,717.1196125133304,eval
100,2,0.0001,False,19,6.49609191664334,662.5472768805029,test
100,2,0.0001,False,20,6.6819772195007845,797.8951672831831,train
100,2,0.0001,False,20,6.567506201126996,711.5930586144661,eval
100,2,0.0001,False,20,6.488228238862137,657.3576500994435,test
100,2,0.0001,False,21,6.670436786392988,788.7400401518881,train
100,2,0.0001,False,21,6.560294693591548,706.4798590085076,eval
100,2,0.0001,False,21,6.480900369841477,652.5582255933349,test
100,2,0.0001,False,22,6.659338959192826,780.0351316083161,train
100,2,0.0001,False,22,6.553564361497467,701.7409799427508,eval
100,2,0.0001,False,22,6.474063297797894,648.1118553896846,test
100,2,0.0001,False,23,6.648640551809537,771.7344790498203,train
100,2,0.0001,False,23,6.5472563388300875,697.3283141645961,eval
100,2,0.0001,False,23,6.46766840178391,643.9804714337309,test
100,2,0.0001,False,24,6.638306371236252,763.8003028046255,train
100,2,0.0001,False,24,6.5413435861176135,693.2173498181529,eval
100,2,0.0001,False,24,6.461688107457654,640.1407713859551,test
100,2,0.0001,False,25,6.628311654268685,756.2043578508793,train
100,2,0.0001,False,25,6.535807226218429,689.3900535020803,eval
100,2,0.0001,False,25,6.456084399387755,636.5636413363434,test
100,2,0.0001,False,26,6.6185920480954445,748.8899534541564,train
100,2,0.0001,False,26,6.5306395268907735,685.8366822709288,eval
100,2,0.0001,False,26,6.450862366577675,633.2481494536264,test
100,2,0.0001,False,27,6.6091517068571966,741.8534425335307,train
100,2,0.0001,False,27,6.5256894897012145,682.4501538235718,eval
100,2,0.0001,False,27,6.4458849923364046,630.1040675533563,test
100,2,0.0001,False,28,6.59998173228765,735.0817608571591,train
100,2,0.0001,False,28,6.521000955619064,679.2579522386377,eval
100,2,0.0001,False,28,6.441189141109072,627.1521289510785,test
100,2,0.0001,False,29,6.5910451169741355,728.541883644333,train
100,2,0.0001,False,29,6.5165679501552205,676.2534624051641,eval
100,2,0.0001,False,29,6.436765588563064,624.3840155157669,test
100,2,0.0001,False,30,6.582324242187759,722.2159848782253,train
100,2,0.0001,False,30,6.512366005018646,673.4178441860311,eval
100,2,0.0001,False,30,6.4325822386248355,621.7774545626531,test
100,2,0.0001,False,31,6.5738083912154375,716.0918144527251,train
100,2,0.0001,False,31,6.508374410517075,670.7351908159925,eval
100,2,0.0001,False,31,6.428602383054536,619.3077878149119,test
100,2,0.0001,False,32,6.565487655542665,710.1581243155288,train
100,2,0.0001,False,32,6.504591362149108,668.2025606986215,eval
100,2,0.0001,False,32,6.424829137736354,616.9753907244941,test
100,2,0.0001,False,33,6.557353347034778,704.404909975837,train
100,2,0.0001,False,33,6.501006528442981,665.8114540570328,eval
100,2,0.0001,False,33,6.421255489875531,614.7744729341465,test
100,2,0.0001,False,34,6.549393577090765,698.8202646768318,train
100,2,0.0001,False,34,6.497603061152439,663.5492384236521,eval
100,2,0.0001,False,34,6.417866501314887,612.6945357104407,test
100,2,0.0001,False,35,6.541594262850487,693.3911450608783,train
100,2,0.0001,False,35,6.4943675807878085,661.4058072763074,eval
100,2,0.0001,False,35,6.41464639532155,610.7247674971866,test
100,2,0.0001,False,36,6.533943883443283,688.1066795807194,train
100,2,0.0001,False,36,6.491284052530925,659.3694849225336,eval
100,2,0.0001,False,36,6.411581212076648,608.8556502294903,test
100,2,0.0001,False,37,6.526431847426851,682.9569640615972,train
100,2,0.0001,False,37,6.488336927750531,657.4291014546241,eval
100,2,0.0001,False,37,6.408661899895503,607.0808024410952,test
100,2,0.0001,False,38,6.519050626431481,677.9344666642825,train
100,2,0.0001,False,38,6.485519642923393,655.5795430119887,eval
100,2,0.0001,False,38,6.405882909380156,605.3960726573412,test
100,2,0.0001,False,39,6.511792421340942,673.0316934577959,train
100,2,0.0001,False,39,6.4828260085161995,653.8160275974684,eval
100,2,0.0001,False,39,6.40323020671976,603.7922650376564,test
300,2,0.001,False,0,6.732907468989744,839.5847874617442,train
300,2,0.001,False,0,6.549315714368634,698.7658547470237,eval
300,2,0.001,False,0,6.470901300167215,646.0657638116625,test
300,2,0.001,False,1,6.431596440784002,621.1648097120658,train
300,2,0.001,False,1,6.467310288373162,643.7498946794291,eval
300,2,0.001,False,1,6.387670056573276,594.469883655877,test
300,2,0.001,False,2,6.1937675435664294,489.68755436319435,train
300,2,0.001,False,2,6.443949493707395,628.8856814671284,eval
300,2,0.001,False,2,6.363532543182373,580.2926487979285,test
300,2,0.001,False,3,5.985246326963781,397.52042919053696,train
300,2,0.001,False,3,6.448692695767272,631.87569884942,eval
300,2,0.001,False,3,6.367874433254373,582.8176934549168,test
300,2,0.001,False,4,5.80031810776662,330.40464747866696,train
300,2,0.001,False,4,6.470908651164934,646.0705130570744,eval
300,2,0.001,False,4,6.389612337638592,595.6256332867803,test
300,2,0.001,False,5,5.63594582121251,280.32392828188836,train
300,2,0.001,False,5,6.504575981813319,668.1922835978957,eval
300,2,0.001,False,5,6.422718993548689,615.6748563299466,test
300,2,0.001,False,6,5.489820743011216,242.2137844525426,train
300,2,0.001,False,6,6.545640505996405,696.2024580213335,eval
300,2,0.001,False,6,6.463112313171913,641.0531130573908,test
300,2,0.001,False,7,5.3600431983753785,212.73413602012167,train
300,2,0.001,False,7,6.591455048205805,728.8405969377895,eval
300,2,0.001,False,7,6.508276018603095,670.6691991433706,test
300,2,0.001,False,8,5.244804337873298,189.5787182252132,train
300,2,0.001,False,8,6.64026559567919,765.2982259320509,eval
300,2,0.001,False,8,6.556482298620816,703.7916063435711,test
300,2,0.001,False,9,5.142139450978425,171.08139732208753,train
300,2,0.001,False,9,6.690722213071935,804.9033540029498,eval
300,2,0.001,False,9,6.606323102424884,739.7579975874236,test
300,2,0.001,False,10,5.050152871568324,156.04631770842806,train
300,2,0.001,False,10,6.741896217944575,847.1656244199532,eval
300,2,0.001,False,10,6.656748138625046,778.0168162212332,test
300,2,0.001,False,11,4.967148841437647,143.6168287266743,train
300,2,0.001,False,11,6.7932378170537016,891.796365797843,eval
300,2,0.001,False,11,6.7072041856831515,818.2796803492822,test
300,2,0.001,False,12,4.891670821076732,133.17590136789627,train
300,2,0.001,False,12,6.844604585684982,938.8019918616899,eval
300,2,0.001,False,12,6.757627725601196,860.5981972141657,test
300,2,0.001,False,13,4.822570679551464,124.28417526004156,train
300,2,0.001,False,13,6.8956810165854066,987.9983390128845,eval
300,2,0.001,False,13,6.807654035502467,904.7458137844668,test
300,2,0.001,False,14,4.758966183258315,116.62529437246191,train
300,2,0.001,False,14,6.946199295567531,1039.1925491821287,eval
300,2,0.001,False,14,6.856996075860385,950.5075222220373,test
300,2,0.001,False,15,4.700141147031623,109.96269226441238,train
300,2,0.001,False,15,6.99596643447876,1092.2187256681666,eval
300,2,0.001,False,15,6.905473774877088,997.7210965472656,test
300,2,0.001,False,16,4.6455391019077625,104.11948166916933,train
300,2,0.001,False,16,7.044896939221551,1146.990619978085,eval
300,2,0.001,False,16,6.9530686592233595,1046.3557157408673,test
300,2,0.001,False,17,4.594581931324329,98.94676035837024,train
300,2,0.001,False,17,7.092890253254011,1203.3808546211997,eval
300,2,0.001,False,17,6.99975007977979,1096.3591218730785,test
300,2,0.001,False,18,4.546852204759242,94.33499321690485,train
300,2,0.001,False,18,7.13987538393806,1261.2712046540905,eval
300,2,0.001,False,18,7.045443099120567,1147.6172313586935,test
300,2,0.001,False,19,4.502048791465112,90.20174668547911,train
300,2,0.001,False,19,7.185706306906307,1320.4215318423248,eval
300,2,0.001,False,19,7.089956686414522,1199.8558294272905,test
300,2,0.001,False,20,4.459927623554812,86.48124966438826,train
300,2,0.001,False,20,7.230408818114038,1380.7868794036915,eval
300,2,0.001,False,20,7.133323110383133,1253.0340262872899,test
300,2,0.001,False,21,4.420243263244629,83.11650208923072,train
300,2,0.001,False,21,7.274174708946078,1442.5601687431429,eval
300,2,0.001,False,21,7.175744985711986,1307.3336832068997,test
300,2,0.001,False,22,4.382792448593398,80.06128857838922,train
300,2,0.001,False,22,7.316952368792365,1505.6084313252657,eval
300,2,0.001,False,22,7.217169950748312,1362.627296433561,test
300,2,0.001,False,23,4.347346136125467,77.27311823040304,train
300,2,0.001,False,23,7.358790865131453,1569.937149116955,eval
300,2,0.001,False,23,7.257631934922317,1418.8925258348859,test
300,2,0.001,False,24,4.313758987491414,74.72083638829325,train
300,2,0.001,False,24,7.399616325602812,1635.3568650539382,eval
300,2,0.001,False,24,7.297066737865579,1475.9641819074243,test
300,2,0.001,False,25,4.2819355665627175,72.38040159626914,train
300,2,0.001,False,25,7.439448459475648,1701.8113443390446,eval
300,2,0.001,False,25,7.3355050580254915,1533.8022434828217,test
300,2,0.001,False,26,4.25175889467789,70.22882888988829,train
300,2,0.001,False,26,7.478261265100217,1769.1619964105926,eval
300,2,0.001,False,26,7.3729592191761935,1592.338897679185,test
300,2,0.001,False,27,4.2230995630813855,68.24468551228847,train
300,2,0.001,False,27,7.516083595799465,1837.357350696551,eval
300,2,0.001,False,27,7.409526298786032,1651.6437758650304,test
300,2,0.001,False,28,4.195871838068558,66.41160651159439,train
300,2,0.001,False,28,7.552848825267717,1906.1653356186935,eval
300,2,0.001,False,28,7.445162288073836,1711.563035883106,test
300,2,0.001,False,29,4.169974759473639,64.7138186759426,train
300,2,0.001,False,29,7.588720106611065,1975.783103032018,eval
300,2,0.001,False,29,7.479905605316162,1772.073493719847,test
300,2,0.001,False,30,4.14532202785298,63.13795080707243,train
300,2,0.001,False,30,7.623586981904273,2045.8875455040036,eval
300,2,0.001,False,30,7.513701554002433,1832.9858972505317,test
300,2,0.001,False,31,4.12182032657882,61.67140224221777,train
300,2,0.001,False,31,7.657585274939444,2116.6401486418404,eval
300,2,0.001,False,31,7.546634649408275,1894.3568171110785,test
300,2,0.001,False,32,4.099444193355108,60.306759383025955,train
300,2,0.001,False,32,7.690664992612951,2187.8289686924463,eval
300,2,0.001,False,32,7.578714025431666,1956.1118371780892,test
300,2,0.001,False,33,4.078100414599403,59.03322462229414,train
300,2,0.001,False,33,7.722875884934967,2259.4481588156905,eval
300,2,0.001,False,33,7.6099400766964616,2018.157159449285,test
300,2,0.001,False,34,4.057700094530138,57.84112885576545,train
300,2,0.001,False,34,7.754251171560848,2331.4628252574007,eval
300,2,0.001,False,34,7.640399053178984,2080.5739105676535,test
300,2,0.001,False,35,4.038199384333724,56.724112468750306,train
300,2,0.001,False,35,7.784899178673239,2404.0237588930154,eval
300,2,0.001,False,35,7.67013693677968,2143.3749320135703,test
300,2,0.001,False,36,4.0194875345391745,55.67256824681618,train
300,2,0.001,False,36,7.814880726384182,2477.191471808467,eval
300,2,0.001,False,36,7.699162565428635,2206.4994190706225,test
300,2,0.001,False,37,4.001566985906181,54.68377163114848,train
300,2,0.001,False,37,7.8441791814916275,2550.8430248352934,eval
300,2,0.001,False,37,7.727436896028189,2269.7770641526618,test
300,2,0.001,False,38,3.984343268103519,53.749978558900665,train
300,2,0.001,False,38,7.872845182231829,2625.0236440225076,eval
300,2,0.001,False,38,7.755078323956194,2333.392098109304,test
300,2,0.001,False,39,3.9677854109618624,52.86732171141647,train
300,2,0.001,False,39,7.90091926911298,2699.762996628082,eval
300,2,0.001,False,39,7.782135503045444,2397.3889894202425,test
300,2,0.0001,False,0,7.522576667494693,1849.3262591439943,train
300,2,0.0001,False,0,7.252350180756812,1411.4180408983827,eval
300,2,0.0001,False,0,7.178240430766139,1310.6001365130762,test
300,2,0.0001,False,1,7.140362650661145,1261.8859298963182,train
300,2,0.0001,False,1,6.928414185841878,1020.87377920108,eval
300,2,0.0001,False,1,6.857018618748106,950.5289496479058,test
300,2,0.0001,False,2,6.958152690176236,1051.688966305351,train
300,2,0.0001,False,2,6.780069210950066,880.1296366082038,eval
300,2,0.0001,False,2,6.70872319155726,819.5235965091911,test
300,2,0.0001,False,3,6.8466371358451195,940.7120945327366,train
300,2,0.0001,False,3,6.6953081804163315,808.6030914532415,eval
300,2,0.0001,False,3,6.622930946021245,752.1463700406547,test
300,2,0.0001,False,4,6.768618151292962,870.1087042811653,train
300,2,0.0001,False,4,6.640504145154766,765.480809199212,eval
300,2,0.0001,False,4,6.566938901769704,711.1894868134957,test
300,2,0.0001,False,5,6.708453820923627,819.3028706485898,train
300,2,0.0001,False,5,6.601706168230842,736.3504558439931,eval
300,2,0.0001,False,5,6.5271199571675265,683.427075126482,test
300,2,0.0001,False,6,6.658703642376398,779.5397195602673,train
300,2,0.0001,False,6,6.5723454624998805,715.0449890765362,eval
300,2,0.0001,False,6,6.4969194757527315,663.0958008515877,test
300,2,0.0001,False,7,6.615499694468611,746.5776978890424,train
300,2,0.0001,False,7,6.548985686956668,698.5352809103475,eval
300,2,0.0001,False,7,6.472902709040149,647.3601003801466,test
300,2,0.0001,False,8,6.57672119140625,718.1806875846272,train
300,2,0.0001,False,8,6.52972588819616,685.2103614988348,eval
300,2,0.0001,False,8,6.453170554391269,634.7114933017032,test
300,2,0.0001,False,9,6.541108264761456,693.0542401636269,train
300,2,0.0001,False,9,6.513471201354382,674.1625145475234,eval
300,2,0.0001,False,9,6.436560417043752,624.2559228396028,test
300,2,0.0001,False,10,6.507869514368348,670.3966246788955,train
300,2,0.0001,False,10,6.499508745530072,664.8149594904851,eval
300,2,0.0001,False,10,6.422321401793381,615.4301177393661,test
300,2,0.0001,False,11,6.476497872401092,649.6916543417422,train
300,2,0.0001,False,11,6.4873680600933,656.7924481275136,eval
300,2,0.0001,False,11,6.409952221245601,607.8646373524275,test
300,2,0.0001,False,12,6.4466327287383,630.5753954942173,train
300,2,0.0001,False,12,6.47671615376192,649.8334853991455,eval
300,2,0.0001,False,12,6.399109379998569,601.309261265687,test
300,2,0.0001,False,13,6.418009753954613,612.7823121069773,train
300,2,0.0001,False,13,6.467302902072084,643.7451397664485,eval
300,2,0.0001,False,13,6.38952898979187,595.5759912416008,test
300,2,0.0001,False,14,6.390444044339454,596.121225182172,train
300,2,0.0001,False,14,6.458938991322237,638.3833668238375,eval
300,2,0.0001,False,14,6.381013664706,590.5259997373661,test
300,2,0.0001,False,15,6.363793793371168,580.4442701666766,train
300,2,0.0001,False,15,6.451482735428155,633.6411187605273,eval
300,2,0.0001,False,15,6.37342069066804,586.0591310224845,test
300,2,0.0001,False,16,6.337944147950512,565.6322589929356,train
300,2,0.0001,False,16,6.444828800126618,629.4389078759207,eval
300,2,0.0001,False,16,6.366645549905711,582.1019183882324,test
300,2,0.0001,False,17,6.312804828255864,551.5898960694735,train
300,2,0.0001,False,17,6.438888839646881,625.7111479725614,eval
300,2,0.0001,False,17,6.360595398935779,578.5907461734215,test
300,2,0.0001,False,18,6.2883019932245805,538.2386198898486,train
300,2,0.0001,False,18,6.433588560889749,622.4034779968307,eval
300,2,0.0001,False,18,6.355193310770495,575.47357514791,test
300,2,0.0001,False,19,6.264370655609389,525.5107546211955,train
300,2,0.0001,False,19,6.428866498610553,619.4713782380729,eval
300,2,0.0001,False,19,6.350379286141231,572.7098887481839,test
300,2,0.0001,False,20,6.240957001508293,513.3495522374951,train
300,2,0.0001,False,20,6.4246665169211,616.8750658411412,eval
300,2,0.0001,False,20,6.3460985463241055,570.2635066222191,test
300,2,0.0001,False,21,6.218016369868133,501.7070431036421,train
300,2,0.0001,False,21,6.42094238131654,614.5820119169902,eval
300,2,0.0001,False,21,6.342306178191612,568.1049530744605,test
300,2,0.0001,False,22,6.195510989528591,490.54204281334654,train
300,2,0.0001,False,22,6.417655206194111,612.5650900206218,eval
300,2,0.0001,False,22,6.338963557933939,566.2091641661882,test
300,2,0.0001,False,23,6.173409518548998,479.8192730622841,train
300,2,0.0001,False,23,6.414768779979033,610.7995154125788,eval
300,2,0.0001,False,23,6.3360358353318835,564.5538850801246,test
300,2,0.0001,False,24,6.151686712846917,469.5086455458427,train
300,2,0.0001,False,24,6.4122488264944035,609.2622667563408,eval
300,2,0.0001,False,24,6.333490495024057,563.1187305736314,test
300,2,0.0001,False,25,6.130320427781444,459.5834003782013,train
300,2,0.0001,False,25,6.410067156249402,607.9345062919483,eval
300,2,0.0001,False,25,6.33130197689451,561.887682599442,test
300,2,0.0001,False,26,6.10929352146084,450.02067288825265,train
300,2,0.0001,False,26,6.408197561899821,606.7989771942215,eval
300,2,0.0001,False,26,6.3294442439901415,560.8448143481767,test
300,2,0.0001,False,27,6.0885935920779986,440.8010289338816,train
300,2,0.0001,False,27,6.406616996316349,605.8406491644398,eval
300,2,0.0001,False,27,6.327885981263785,559.9715513420076,test
300,2,0.0001,False,28,6.068206633551646,431.90542192738957,train
300,2,0.0001,False,28,6.405308629952225,605.0485059568191,eval
300,2,0.0001,False,28,6.326609282658018,559.2570926144158,test
300,2,0.0001,False,29,6.048119169170573,423.31609486775096,train
300,2,0.0001,False,29,6.404255876354143,604.4118741321786,eval
300,2,0.0001,False,29,6.32559870851451,558.6922073343494,test
300,2,0.0001,False,30,6.028318558709096,415.0166163011787,train
300,2,0.0001,False,30,6.403443841373219,603.9212697684088,eval
300,2,0.0001,False,30,6.324837043367583,558.266832969142,test
300,2,0.0001,False,31,6.008793212599674,406.9918711341096,train
300,2,0.0001,False,31,6.40285774305755,603.5674162360096,eval
300,2,0.0001,False,31,6.324307515703398,557.9712934921583,test
300,2,0.0001,False,32,5.989531892841145,399.22768484275025,train
300,2,0.0001,False,32,6.402485099493289,603.342542624206,eval
300,2,0.0001,False,32,6.323997957953091,557.7985958851294,test
300,2,0.0001,False,33,5.97052485659971,391.71120901934563,train
300,2,0.0001,False,33,6.40231554180968,603.2402499327573,eval
300,2,0.0001,False,33,6.323898192109732,557.7429494136412,test
300,2,0.0001,False,34,5.9517668707896085,384.43198098606,train
300,2,0.0001,False,34,6.402337167777267,603.2532957279126,eval
300,2,0.0001,False,34,6.323998558110204,557.7989306520245,test
300,2,0.0001,False,35,5.933249218989227,377.3787099776055,train
300,2,0.0001,False,35,6.402540178859935,603.3757752645324,eval
300,2,0.0001,False,35,6.324290061819142,557.9615548107727,test
300,2,0.0001,False,36,5.914963536343332,370.54079118580637,train
300,2,0.0001,False,36,6.402915225309484,603.6021116474647,eval
300,2,0.0001,False,36,6.32476283764017,558.2254079097186,test
300,2,0.0001,False,37,5.896902690499516,363.90858300346065,train
300,2,0.0001,False,37,6.403454509435916,603.9277124727439,eval
300,2,0.0001,False,37,6.325409108194812,558.5862891546038,test
300,2,0.0001,False,38,5.879059448080548,357.47286175596855,train
300,2,0.0001,False,38,6.404151832356172,604.348991975685,eval
300,2,0.0001,False,38,6.326220249307567,559.0395652693517,test
300,2,0.0001,False,39,5.861427448563656,351.22514218502,train
300,2,0.0001,False,39,6.4050022013047165,604.8631301651387,eval
300,2,0.0001,False,39,6.3271892399623475,559.5815319216547,test
500,2,0.001,False,0,6.659159179461205,779.8949097066063,train
500,2,0.001,False,0,6.5015919348772835,666.2013384755592,eval
500,2,0.001,False,0,6.419183369340567,613.5019050367781,test
500,2,0.001,False,1,6.224830283957012,505.13730527693014,train
500,2,0.001,False,1,6.456092974718879,636.5691001037549,eval
500,2,0.001,False,1,6.37298819114422,585.8057155323762,test
500,2,0.001,False,2,5.869173498476966,353.95631390729744,train
500,2,0.001,False,2,6.477438926696777,650.3033372321959,eval
500,2,0.001,False,2,6.3956851548162,599.25376420172,test
500,2,0.001,False,3,5.570851782620964,262.6577312745792,train
500,2,0.001,False,3,6.531601840374517,686.4969898183957,eval
500,2,0.001,False,3,6.450680592964435,633.1330521105697,test
500,2,0.001,False,4,5.324394399836912,205.28400278750152,train
500,2,0.001,False,4,6.6031939001644355,737.446763235017,eval
500,2,0.001,False,4,6.5219835906193175,679.925742920223,test
500,2,0.001,False,5,5.1227830426167635,167.8017197211501,train
500,2,0.001,False,5,6.683045153524361,798.7477218345514,eval
500,2,0.001,False,5,6.600719945184116,735.6246080367226,test
500,2,0.001,False,6,4.956786483021106,142.13630378582087,train
500,2,0.001,False,6,6.765862259210325,867.7140797709528,eval
500,2,0.001,False,6,6.6821863651275635,798.0620610199877,test
500,2,0.001,False,7,4.817418001465878,123.64542596178677,train
500,2,0.001,False,7,6.84864419114356,942.6020517162267,eval
500,2,0.001,False,7,6.763406375358844,865.5856893842896,test
500,2,0.001,False,8,4.697698504237805,109.69442046603852,train
500,2,0.001,False,8,6.929855458876666,1022.346197874746,eval
500,2,0.001,False,8,6.8435576373133165,937.8196289763364,test
500,2,0.001,False,9,4.592597900810889,98.75064158376286,train
500,2,0.001,False,9,7.009223601397346,1106.7948572486753,eval
500,2,0.001,False,9,6.922003565163448,1014.3502768324933,test
500,2,0.001,False,10,4.498862670639814,89.91481037150186,train
500,2,0.001,False,10,7.087036020615521,1196.356564122278,eval
500,2,0.001,False,10,6.998734926355296,1095.2467138839559,test
500,2,0.001,False,11,4.414301262063495,82.62408814657884,train
500,2,0.001,False,11,7.162850510840323,1290.5845197828157,eval
500,2,0.001,False,11,7.073704061837032,1180.5126376878284,test
500,2,0.001,False,12,4.337241330389249,76.49622019447375,train
500,2,0.001,False,12,7.236941337585449,1389.8364225561734,eval
500,2,0.001,False,12,7.146917893968779,1270.185070918933,test
500,2,0.001,False,13,4.266529131743868,71.27382375447013,train
500,2,0.001,False,13,7.309313409468707,1494.1509670282724,eval
500,2,0.001,False,13,7.218239652699437,1364.0856813907646,test
500,2,0.001,False,14,4.201135643457962,66.76210595500618,train
500,2,0.001,False,14,7.379894686680214,1603.4208973628015,eval
500,2,0.001,False,14,7.28756831432211,1462.0112194491576,test
500,2,0.001,False,15,4.140440003346589,62.83046098111188,train
500,2,0.001,False,15,7.4485433709387685,1717.3597664269234,eval
500,2,0.001,False,15,7.354769246331577,1563.636138986246,test
500,2,0.001,False,16,4.083842321977777,59.37316294353368,train
500,2,0.001,False,16,7.515171873803232,1835.6829549926624,eval
500,2,0.001,False,16,7.420188410528775,1669.3480008564663,test
500,2,0.001,False,17,4.030873858322532,56.31009680012683,train
500,2,0.001,False,17,7.5795892640656115,1957.8246512815024,eval
500,2,0.001,False,17,7.483694462940611,1778.8003634161162,test
500,2,0.001,False,18,3.981070629620956,53.574361832400825,train
500,2,0.001,False,18,7.642034381043677,2083.97911461181,eval
500,2,0.001,False,18,7.545435206643466,1892.0860066586567,test
500,2,0.001,False,19,3.93451902017755,51.13754791187292,train
500,2,0.001,False,19,7.702825583663642,2214.5966878459058,eval
500,2,0.001,False,19,7.605359011682971,2008.9329946753105,test
500,2,0.001,False,20,3.890873838279207,48.95364540810037,train
500,2,0.001,False,20,7.761969089508057,2349.5264812819396,eval
500,2,0.001,False,20,7.6635027507255815,2129.2024473613305,test
500,2,0.001,False,21,3.8499246249764654,46.98952126182194,train
500,2,0.001,False,21,7.8196958373574645,2489.1481870009047,eval
500,2,0.001,False,21,7.720297665431581,2253.630308575929,test
500,2,0.001,False,22,3.811357449677031,45.21176993247584,train
500,2,0.001,False,22,7.875780797472187,2632.7410255273203,eval
500,2,0.001,False,22,7.775078600850598,2380.5304044544127,test
500,2,0.001,False,23,3.774975364491091,43.596434282148714,train
500,2,0.001,False,23,7.929998706368839,2779.4232089661855,eval
500,2,0.001,False,23,7.828314082375888,2510.692981772142,test
500,2,0.001,False,24,3.740581191192239,42.12246425746634,train
500,2,0.001,False,24,7.982565954619763,2929.4382340036477,eval
500,2,0.001,False,24,7.879788834473183,2643.3143239027936,test
500,2,0.001,False,25,3.708166661909071,40.778976302834536,train
500,2,0.001,False,25,8.033881140690223,3083.6867000405637,eval
500,2,0.001,False,25,7.929866453696942,2779.0556471265195,test
500,2,0.001,False,26,3.677476400035923,39.546468572940675,train
500,2,0.001,False,26,8.083942282433604,3241.988912826298,eval
500,2,0.001,False,26,7.978656768798828,2918.0088699050525,test
500,2,0.001,False,27,3.6483913053900507,38.412821818716644,train
500,2,0.001,False,27,8.132305790396298,3402.636292829625,eval
500,2,0.001,False,27,8.026535576787488,3061.1182727194796,test
500,2,0.001,False,28,3.6207197157003113,37.36444992840323,train
500,2,0.001,False,28,8.179650016859465,3567.605840406484,eval
500,2,0.001,False,28,8.072593549202228,3205.4044319261443,test
500,2,0.001,False,29,3.5945099875078363,36.39786021118779,train
500,2,0.001,False,29,8.22563611759859,3735.496862863921,eval
500,2,0.001,False,29,8.117772151683939,3353.541235372914,test
500,2,0.001,False,30,3.5694657261088745,35.497622631383926,train
500,2,0.001,False,30,8.270823506747975,3908.166068459757,eval
500,2,0.001,False,30,8.161668571932562,3504.028452162,test
500,2,0.001,False,31,3.545786299947965,34.666933236147884,train
500,2,0.001,False,31,8.314830125546923,4083.991612544118,eval
500,2,0.001,False,31,8.204628969060964,3657.8432218827115,test
500,2,0.001,False,32,3.5231606515787415,33.89137819739967,train
500,2,0.001,False,32,8.358076544368968,4264.484326327312,eval
500,2,0.001,False,32,8.246732859775937,3815.140837358468,test
500,2,0.001,False,33,3.5016176498542397,33.16906451620823,train
500,2,0.001,False,33,8.400309469185624,4448.4431907970575,eval
500,2,0.001,False,33,8.288251893273715,3976.8761106882857,test
500,2,0.001,False,34,3.4809459286221003,32.49044118279145,train
500,2,0.001,False,34,8.441817919413248,4636.976977453181,eval
500,2,0.001,False,34,8.328044546061548,4138.317346102701,test
500,2,0.001,False,35,3.4613748930268367,31.860751539905436,train
500,2,0.001,False,35,8.482406130024032,4829.05526411894,eval
500,2,0.001,False,35,8.36730171072072,4304.006924621219,test
500,2,0.001,False,36,3.442587719125263,31.267765765009507,train
500,2,0.001,False,36,8.522389972911162,5026.05154092739,eval
500,2,0.001,False,36,8.405797136240992,4472.921869933184,test
500,2,0.001,False,37,3.4246306156708024,30.711298483657515,train
500,2,0.001,False,37,8.561373093548942,5225.85183177026,eval
500,2,0.001,False,37,8.443401616195153,4644.3263610316235,test
500,2,0.001,False,38,3.407455502930334,30.188332326660017,train
500,2,0.001,False,38,8.599834890926585,5430.762849112925,eval
500,2,0.001,False,38,8.480310851129992,4818.947639390133,test
500,2,0.001,False,39,3.3908991510585205,29.69263843840497,train
500,2,0.001,False,39,8.63727446163402,5637.942436088129,eval
500,2,0.001,False,39,8.516529214793238,4996.681218803495,test
500,2,0.0001,False,0,7.3295835600060935,1524.7466742639494,train
500,2,0.0001,False,0,7.065110515145695,1170.4113124853889,eval
500,2,0.0001,False,0,6.983209248246817,1078.3735882463732,test
500,2,0.0001,False,1,6.971249887498758,1065.5537408706969,train
500,2,0.0001,False,1,6.786068757375081,885.4258868864382,eval
500,2,0.0001,False,1,6.7047182855934935,816.2480450859194,test
500,2,0.0001,False,2,6.794625924805463,893.0351348197314,train
500,2,0.0001,False,2,6.662450715607288,782.4661914038925,eval
500,2,0.0001,False,2,6.581439791054561,721.5775025268273,test
500,2,0.0001,False,3,6.681787995968834,797.7442010251386,train
500,2,0.0001,False,3,6.593095040788837,730.0368707829742,eval
500,2,0.0001,False,3,6.512205444533249,673.3097285698738,test
500,2,0.0001,False,4,6.597644644268488,733.3658160188552,train
500,2,0.0001,False,4,6.548286989623425,698.0473866374615,eval
500,2,0.0001,False,4,6.467342574020912,643.7706788972819,test
500,2,0.0001,False,5,6.528573933294264,684.4214845266603,train
500,2,0.0001,False,5,6.5165885570002535,676.2673979990508,eval
500,2,0.0001,False,5,6.435413475694327,623.5403483485044,test
500,2,0.0001,False,6,6.468438100006621,644.4763328654049,train
500,2,0.0001,False,6,6.492822806040446,660.3848730471999,eval
500,2,0.0001,False,6,6.411380208771805,608.7332805303907,test
500,2,0.0001,False,7,6.414037526664087,610.3530295092103,train
500,2,0.0001,False,7,6.4741645513796335,648.1774823588374,eval
500,2,0.0001,False,7,6.3925201070719755,597.3600957834157,test
500,2,0.0001,False,8,6.36354525614593,580.3000260841183,train
500,2,0.0001,False,8,6.459090784484265,638.480276408594,eval
500,2,0.0001,False,8,6.377301824503932,588.3381246245755,test
500,2,0.0001,False,9,6.315865241875083,553.2805750685524,train
500,2,0.0001,False,9,6.446681873471129,630.6063857150543,eval
500,2,0.0001,False,9,6.364814108815686,581.0368086568913,test
500,2,0.0001,False,10,6.270323591717219,528.6484164517466,train
500,2,0.0001,False,10,6.436378179811964,624.1421705335649,eval
500,2,0.0001,False,10,6.354454690012439,575.0486753588121,test
500,2,0.0001,False,11,6.226477909896333,505.9702686215945,train
500,2,0.0001,False,11,6.42779915005553,618.8105390932232,eval
500,2,0.0001,False,11,6.3458199418824295,570.1046508063439,test
500,2,0.0001,False,12,6.184037903607902,484.94617413220317,train
500,2,0.0001,False,12,6.420662814495611,614.4102191926098,eval
500,2,0.0001,False,12,6.33862226584862,566.0159544321755,test
500,2,0.0001,False,13,6.142803632606895,465.3564321005998,train
500,2,0.0001,False,13,6.414764600641587,610.7969626806264,eval
500,2,0.0001,False,13,6.332641741325116,562.6409842412775,test
500,2,0.0001,False,14,6.102621947304677,447.02831954997595,train
500,2,0.0001,False,14,6.409943823720894,607.8595328155498,eval
500,2,0.0001,False,14,6.327718594978595,559.8778276284675,test
500,2,0.0001,False,15,6.063377861249244,429.82487627202613,train
500,2,0.0001,False,15,6.4060706250807815,605.5097256721698,eval
500,2,0.0001,False,15,6.323745258923235,557.6576585292104,test
500,2,0.0001,False,16,6.024986974263595,413.6362540711247,train
500,2,0.0001,False,16,6.403046607971191,603.6814197092432,eval
500,2,0.0001,False,16,6.3206323755198515,555.9244343212255,test
500,2,0.0001,False,17,5.987387143959434,398.3723592692901,train
500,2,0.0001,False,17,6.400791850744509,602.3217980499394,eval
500,2,0.0001,False,17,6.318301011776102,554.6298818734571,test
500,2,0.0001,False,18,5.950526504193322,383.95544000215654,train
500,2,0.0001,False,18,6.399233070074343,601.3836418537525,eval
500,2,0.0001,False,18,6.316681023301749,553.732115239429,test
500,2,0.0001,False,19,5.914361691070815,370.3178500571183,train
500,2,0.0001,False,19,6.398306491328221,600.8266706316421,eval
500,2,0.0001,False,19,6.315710026642372,553.1947041597475,test
500,2,0.0001,False,20,5.878854743504928,357.3996929147612,train
500,2,0.0001,False,20,6.397959344527301,600.6181317739181,eval
500,2,0.0001,False,20,6.31533329240207,552.9863360253069,test
500,2,0.0001,False,21,5.8439724849442305,345.14771504372,train
500,2,0.0001,False,21,6.398146610634,600.7306177251425,eval
500,2,0.0001,False,21,6.315505956781322,553.081825311313,test
500,2,0.0001,False,22,5.809689077280336,333.5154120329803,train
500,2,0.0001,False,22,6.398830797158036,601.1417701548028,eval
500,2,0.0001,False,22,6.316187480400348,553.458892113888,test
500,2,0.0001,False,23,5.775981668698585,322.4608290982841,train
500,2,0.0001,False,23,6.399978039311428,601.831821085762,eval
500,2,0.0001,False,23,6.317340620632829,554.0974759470018,test
500,2,0.0001,False,24,5.742828825772819,311.9456037870162,train
500,2,0.0001,False,24,6.401557183733173,602.7829512371424,eval
500,2,0.0001,False,24,6.318933766463707,554.9809375854592,test
500,2,0.0001,False,25,5.710211681107343,301.93497544853034,train
500,2,0.0001,False,25,6.403539966134464,603.9793243464726,eval
500,2,0.0001,False,25,6.320938348770142,556.0945583526847,test
500,2,0.0001,False,26,5.678112822063898,292.39710355499744,train
500,2,0.0001,False,26,6.405899571437462,605.406159885433,eval
500,2,0.0001,False,26,6.323327097399481,557.4245163019389,test
500,2,0.0001,False,27,5.646517729355117,283.30320768769195,train
500,2,0.0001,False,27,6.4086106057260555,607.0496635341752,eval
500,2,0.0001,False,27,6.326072997060315,558.9572514976558,test
500,2,0.0001,False,28,5.615414255756443,274.62712150050885,train
500,2,0.0001,False,28,6.411652611751182,608.8991238767388,eval
500,2,0.0001,False,28,6.329154622965846,560.6824054182299,test
500,2,0.0001,False,29,5.58479262206514,266.34504292694174,train
500,2,0.0001,False,29,6.415006132686839,610.9445075379448,eval
500,2,0.0001,False,29,6.33255357577883,562.5913808782249,test
500,2,0.0001,False,30,5.554645598944971,258.43535852518374,train
500,2,0.0001,False,30,6.418651309667849,613.1755722359323,eval
500,2,0.0001,False,30,6.336249672133347,564.6746203855296,test
500,2,0.0001,False,31,5.524967456268052,250.87817337596525,train
500,2,0.0001,False,31,6.422573117648854,615.5850507566672,eval
500,2,0.0001,False,31,6.3402257787770235,566.9242964072087,test
500,2,0.0001,False,32,5.4957528841697565,243.65490103986255,train
500,2,0.0001,False,32,6.426756381988525,618.1655995431552,eval
500,2,0.0001,False,32,6.344464392497621,569.3323693487511,test
500,2,0.0001,False,33,5.466997671935518,236.74832851996442,train
500,2,0.0001,False,33,6.431187283759024,620.9107077538483,eval
500,2,0.0001,False,33,6.348949341938414,571.8915308054145,test
500,2,0.0001,False,34,5.438698675672887,230.14249847728306,train
500,2,0.0001,False,34,6.435852237776214,623.8139942382167,eval
500,2,0.0001,False,34,6.353664562619966,574.5944931029557,test
500,2,0.0001,False,35,5.410852270611262,223.82226355265527,train
500,2,0.0001,False,35,6.440739697101069,626.8703225174656,eval
500,2,0.0001,False,35,6.358597336144283,577.4358397040339,test
500,2,0.0001,False,36,5.383455066357628,217.7733986306735,train
500,2,0.0001,False,36,6.445838946922152,630.0750548185007,eval
500,2,0.0001,False,36,6.363735067433324,580.4101840334246,test
500,2,0.0001,False,37,5.356502391524234,211.9822175185067,train
500,2,0.0001,False,37,6.451139412674249,633.4236126861749,eval
500,2,0.0001,False,37,6.369066813896442,583.5130484719921,test
500,2,0.0001,False,38,5.32998866549993,206.43563429833628,train
500,2,0.0001,False,38,6.456631239722757,636.9118352057714,eval
500,2,0.0001,False,38,6.374583458078319,586.7409778183269,test
500,2,0.0001,False,39,5.30390863499399,201.1213857521548,train
500,2,0.0001,False,39,6.462304797827029,640.535661784751,eval
500,2,0.0001,False,39,6.380276310032811,590.0907331244769,test
100,3,0.001,False,0,6.8874695117657,979.9186046794514,train
100,3,0.001,False,0,6.673853673934937,791.439685735043,eval
100,3,0.001,False,0,6.597738441668059,733.4346070514915,test
100,3,0.001,False,1,6.722955059801412,831.270339133634,train
100,3,0.001,False,1,6.5678356170654295,711.8275073231032,eval
100,3,0.001,False,1,6.48686475084539,656.4619615898555,test
100,3,0.001,False,2,6.61527555824345,746.4103815335766,train
100,3,0.001,False,2,6.508511247634888,670.8269785661618,eval
100,3,0.001,False,2,6.425451546384577,617.3595210740472,test
100,3,0.001,False,3,6.530480034330971,685.7273051455174,train
100,3,0.001,False,3,6.470617380142212,645.8823588412512,eval
100,3,0.001,False,3,6.386462554597018,593.7524933088341,test
100,3,0.001,False,4,6.458007816575531,637.7891970348187,train
100,3,0.001,False,4,6.444317836761474,629.1173698074826,eval
100,3,0.001,False,4,6.359814844633403,578.1393008888816,test
100,3,0.001,False,5,6.3934640150803785,597.9242149581453,train
100,3,0.001,False,5,6.425620136260986,617.4636104133626,eval
100,3,0.001,False,5,6.3408589363098145,567.2833624566927,test
100,3,0.001,False,6,6.33487007760594,563.8961354897041,train
100,3,0.001,False,6,6.412445650100708,609.382195754911,eval
100,3,0.001,False,6,6.327349863554302,559.6714211362741,test
100,3,0.001,False,7,6.280924572903886,534.2824185814968,train
100,3,0.001,False,7,6.403404541015625,603.8975359129258,eval
100,3,0.001,False,7,6.318171660105388,554.558144211402,test
100,3,0.001,False,8,6.230876140105418,508.2005433775665,train
100,3,0.001,False,8,6.397750434875488,600.4926699546852,eval
100,3,0.001,False,8,6.312361407698247,551.3453639894649,test
100,3,0.001,False,9,6.184167996431008,485.0092662528776,train
100,3,0.001,False,9,6.394726629257202,598.6796393530351,eval
100,3,0.001,False,9,6.309177105886894,549.5925062434122,test
100,3,0.001,False,10,6.140432349637023,464.2542476303351,train
100,3,0.001,False,10,6.393885412216187,598.1762316055763,eval
100,3,0.001,False,10,6.308265175735741,549.0915447217966,test
100,3,0.001,False,11,6.099350346459283,445.5682110702294,train
100,3,0.001,False,11,6.394903602600098,598.7855990658809,eval
100,3,0.001,False,11,6.309368141910486,549.6975082396636,test
100,3,0.001,False,12,6.060612560337425,428.6379230475404,train
100,3,0.001,False,12,6.397529125213623,600.3597898293154,eval
100,3,0.001,False,12,6.31222396984435,551.2695934728702,test
100,3,0.001,False,13,6.023950051038693,413.2075673286474,train
100,3,0.001,False,13,6.401578273773193,602.7956640877642,eval
100,3,0.001,False,13,6.3165946090430545,553.6842669565921,test
100,3,0.001,False,14,5.989133166451739,399.0685339603588,train
100,3,0.001,False,14,6.4068504810333256,605.9821202119639,eval
100,3,0.001,False,14,6.322224499886496,556.8102401285103,test
100,3,0.001,False,15,5.955996309590136,386.0613557641849,train
100,3,0.001,False,15,6.413148956298828,609.8109287778332,eval
100,3,0.001,False,15,6.32886797085143,560.5217076544783,test
100,3,0.001,False,16,5.924390059251052,374.05021729791633,train
100,3,0.001,False,16,6.420304965972901,614.1903927379657,eval
100,3,0.001,False,16,6.336342418402956,564.7269942788173,test
100,3,0.001,False,17,5.894176825498923,362.9179680882831,train
100,3,0.001,False,17,6.4281787109375,619.0454599477766,eval
100,3,0.001,False,17,6.3444751187374715,569.3384761770507,test
100,3,0.001,False,18,5.865226549979968,352.5620199793518,train
100,3,0.001,False,18,6.43666787147522,624.3230055089828,eval
100,3,0.001,False,18,6.353160741036398,574.3050729097234,test
100,3,0.001,False,19,5.83743747890505,342.89952660499137,train
100,3,0.001,False,19,6.44566969871521,629.9684247689603,eval
100,3,0.001,False,19,6.3623153368632,579.586742622726,test
100,3,0.001,False,20,5.81070379110483,333.8540064914383,train
100,3,0.001,False,20,6.455090208053589,635.931089771226,eval
100,3,0.001,False,20,6.3718413302772925,585.1342629865304,test
100,3,0.001,False,21,5.784942435403155,325.3633101657685,train
100,3,0.001,False,21,6.464878997802734,642.1866527485136,eval
100,3,0.001,False,21,6.381714511335942,590.9400129571138,test
100,3,0.001,False,22,5.760083858783428,317.37494247851134,train
100,3,0.001,False,22,6.4749856948852536,648.7099476742643,eval
100,3,0.001,False,22,6.391864918825919,596.9688406568716,test
100,3,0.001,False,23,5.7360740889850845,309.8455938332524,train
100,3,0.001,False,23,6.485359268188477,655.4744130468821,eval
100,3,0.001,False,23,6.402242786005924,603.1963623000743,test
100,3,0.001,False,24,5.712863909892547,302.73683897439037,train
100,3,0.001,False,24,6.495945234298706,662.4501000197382,eval
100,3,0.001,False,24,6.412795367993806,609.595344881361,test
100,3,0.001,False,25,5.690409701094668,296.01487341776743,train
100,3,0.001,False,25,6.50670147895813,669.6140348176887,eval
100,3,0.001,False,25,6.4234874457643745,616.148154867799,test
100,3,0.001,False,26,5.668671286004221,289.6494173584849,train
100,3,0.001,False,26,6.5176097011566165,676.9583172046738,eval
100,3,0.001,False,26,6.434300464496278,622.8467270341068,test
100,3,0.001,False,27,5.647617458278297,283.6149357960073,train
100,3,0.001,False,27,6.528646697998047,684.4712880651927,eval
100,3,0.001,False,27,6.445218989723607,629.6845563113294,test
100,3,0.001,False,28,5.627213429182004,277.88668680618633,train
100,3,0.001,False,28,6.539773836135864,692.1300255328402,eval
100,3,0.001,False,28,6.456221956955759,636.6512115055575,test
100,3,0.001,False,29,5.607426561860957,272.4422218901673,train
100,3,0.001,False,29,6.5509677028656,699.9211619154729,eval
100,3,0.001,False,29,6.467283658814012,643.7327521317812,test
100,3,0.001,False,30,5.588224394708617,267.26064873587234,train
100,3,0.001,False,30,6.562215890884399,707.8384508446877,eval
100,3,0.001,False,30,6.478377568094354,650.9140254292784,test
100,3,0.001,False,31,5.5695771192893,262.32314438386805,train
100,3,0.001,False,31,6.573498725891113,715.8700999791706,eval
100,3,0.001,False,31,6.489479918228953,658.180966263128,test
100,3,0.001,False,32,5.551450077285114,257.6108408230522,train
100,3,0.001,False,32,6.5847994995117185,724.0058695830182,eval
100,3,0.001,False,32,6.5005768976713485,665.5254624080699,test
100,3,0.001,False,33,5.533812465830746,253.1070358423755,train
100,3,0.001,False,33,6.596090669631958,732.2270691624872,eval
100,3,0.001,False,33,6.511663922092371,672.9452149472526,test
100,3,0.001,False,34,5.516644485995301,248.79878713536917,train
100,3,0.001,False,34,6.607353544235229,740.5206680339483,eval
100,3,0.001,False,34,6.522738716058564,680.4393660460386,test
100,3,0.001,False,35,5.4999303287929955,244.67488487581824,train
100,3,0.001,False,35,6.618565225601197,748.8698666270782,eval
100,3,0.001,False,35,6.533794712602046,688.0040417839393,test
100,3,0.001,False,36,5.483669427724985,240.72842424086116,train
100,3,0.001,False,36,6.629717569351197,757.2682646691214,eval
100,3,0.001,False,36,6.54481263746295,695.6263324244547,test
100,3,0.001,False,37,5.467846336527767,236.9493337245893,train
100,3,0.001,False,37,6.640810995101929,765.7157329864013,eval
100,3,0.001,False,37,6.555777976387425,703.296084791457,test
100,3,0.001,False,38,5.452440021384476,233.326794260438,train
100,3,0.001,False,38,6.6518591785430905,774.2224059815435,eval
100,3,0.001,False,38,6.5666854590700385,711.0092638690437,test
100,3,0.001,False,39,5.4374327129787865,229.85133100235115,train
100,3,0.001,False,39,6.66286491394043,782.7903547254313,eval
100,3,0.001,False,39,6.577540004462526,718.7689841279634,test
100,3,0.0001,False,0,7.780928000425681,2394.4958830032438,train
100,3,0.0001,False,0,7.3803298282623295,1604.1187642933253,eval
100,3,0.0001,False,0,7.311838317335698,1497.9283272959492,test
100,3,0.0001,False,1,7.205733278877715,1347.1321505055612,train
100,3,0.0001,False,1,6.988659963607788,1084.2675442744307,eval
100,3,0.0001,False,1,6.9151908389309,1007.4632723678421,test
100,3,0.0001,False,2,7.077134360615005,1184.5691022112355,train
100,3,0.0001,False,2,6.87829252243042,970.9670391285069,eval
100,3,0.0001,False,2,6.8065920963621975,903.7855387598742,test
100,3,0.0001,False,3,7.004457759042071,1101.5325969511555,train
100,3,0.0001,False,3,6.814859313964844,911.2883012274074,eval
100,3,0.0001,False,3,6.743673859981069,848.6729209657225,test
100,3,0.0001,False,4,6.954664450425368,1048.026813993535,train
100,3,0.0001,False,4,6.77126389503479,872.4138369907942,eval
100,3,0.0001,False,4,6.700073877970378,812.4658462781213,test
100,3,0.0001,False,5,6.91801347488012,1010.310991564523,train
100,3,0.0001,False,5,6.739438772201538,845.0863168018209,eval
100,3,0.0001,False,5,6.668096676207425,786.8964594824242,test
100,3,0.0001,False,6,6.8887499540280075,981.1741375216199,train
100,3,0.0001,False,6,6.714433679580688,824.216863861658,eval
100,3,0.0001,False,6,6.642735138274076,767.1904980604012,test
100,3,0.0001,False,7,6.8638057423453045,957.0022498066237,train
100,3,0.0001,False,7,6.693592433929443,807.2169230366377,eval
100,3,0.0001,False,7,6.6213192103201886,750.9350852812978,test
100,3,0.0001,False,8,6.8417002523047294,936.079353537784,train
100,3,0.0001,False,8,6.675526723861695,792.7649121191282,eval
100,3,0.0001,False,8,6.602595287456847,737.0054503323083,test
100,3,0.0001,False,9,6.821598623552893,917.450496360704,train
100,3,0.0001,False,9,6.659485769271851,780.1496570341676,eval
100,3,0.0001,False,9,6.585835164053398,724.7560852089174,test
100,3,0.0001,False,10,6.802927547030979,900.4796330950049,train
100,3,0.0001,False,10,6.644945764541626,768.8883454892613,eval
100,3,0.0001,False,10,6.570513139691269,713.735995449543,test
100,3,0.0001,False,11,6.785405387226333,884.8387165613142,train
100,3,0.0001,False,11,6.631541309356689,758.6505852117889,eval
100,3,0.0001,False,11,6.556298900068852,703.6625438173854,test
100,3,0.0001,False,12,6.7688146778660965,870.2797205671438,train
100,3,0.0001,False,12,6.619064836502075,749.2441036544494,eval
100,3,0.0001,False,12,6.543016550833719,694.3780486183455,test
100,3,0.0001,False,13,6.752990628919031,856.6167584616942,train
100,3,0.0001,False,13,6.607369556427002,740.5325254878279,eval
100,3,0.0001,False,13,6.530554863444546,685.7786194317929,test
100,3,0.0001,False,14,6.7378566733792296,843.7503638187419,train
100,3,0.0001,False,14,6.596372880935669,732.4337410794918,eval
100,3,0.0001,False,14,6.5188728717335485,677.813971337565,test
100,3,0.0001,False,15,6.723355990189773,831.6036874938143,train
100,3,0.0001,False,15,6.586036443710327,724.9019785472937,eval
100,3,0.0001,False,15,6.507907131261993,670.4218433917474,test
100,3,0.0001,False,16,6.709476210113264,820.1409453928567,train
100,3,0.0001,False,16,6.576366062164307,717.9256859034239,eval
100,3,0.0001,False,16,6.497625727402537,663.5642787670956,test
100,3,0.0001,False,17,6.696161934453198,809.2937343844375,train
100,3,0.0001,False,17,6.56729642868042,711.4438016531404,eval
100,3,0.0001,False,17,6.487963676452637,657.1837609789065,test
100,3,0.0001,False,18,6.683371572412996,799.0084907358445,train
100,3,0.0001,False,18,6.558771228790283,705.4043812447748,eval
100,3,0.0001,False,18,6.478881844303064,651.2423486620582,test
100,3,0.0001,False,19,6.671079191387209,789.2468934779472,train
100,3,0.0001,False,19,6.5507607173919675,699.7763033945902,eval
100,3,0.0001,False,19,6.47034578156053,645.7069619285113,test
100,3,0.0001,False,20,6.659252321618235,779.9675541838321,train
100,3,0.0001,False,20,6.543230676651001,694.5267488052152,eval
100,3,0.0001,False,20,6.462321724808007,640.5465042114781,test
100,3,0.0001,False,21,6.647863070170085,771.1347028495312,train
100,3,0.0001,False,21,6.536148052215577,689.6250555996261,eval
100,3,0.0001,False,21,6.45477605284306,635.7313400836828,test
100,3,0.0001,False,22,6.636867405002953,762.7020103522952,train
100,3,0.0001,False,22,6.529466314315796,685.0325218686947,eval
100,3,0.0001,False,22,6.447665038861726,631.2266809650241,test
100,3,0.0001,False,23,6.626246476784731,754.6442731181842,train
100,3,0.0001,False,23,6.523157291412353,680.7242408110319,eval
100,3,0.0001,False,23,6.440951523027922,627.0031239694484,test
100,3,0.0001,False,24,6.615942058400211,746.9080299928428,train
100,3,0.0001,False,24,6.517159452438355,676.6535861975565,eval
100,3,0.0001,False,24,6.434589536566484,623.0268006527841,test
100,3,0.0001,False,25,6.605908088195018,739.4510511897344,train
100,3,0.0001,False,25,6.511453495025635,672.8036239574081,eval
100,3,0.0001,False,25,6.4286185733059,619.3178146448363,test
100,3,0.0001,False,26,6.596173958900647,732.2880583594297,train
100,3,0.0001,False,26,6.505988903045655,669.1370539485441,eval
100,3,0.0001,False,26,6.42289175903588,615.7812328852858,test
100,3,0.0001,False,27,6.586686855707413,725.3736168538318,train
100,3,0.0001,False,27,6.500817670822143,665.685722362961,eval
100,3,0.0001,False,27,6.417472195207027,612.4529941365461,test
100,3,0.0001,False,28,6.577483274997809,718.7282099047997,train
100,3,0.0001,False,28,6.495938606262207,662.445709290848,eval
100,3,0.0001,False,28,6.412380845923173,609.3427065224579,test
100,3,0.0001,False,29,6.56851349121485,712.310200373251,train
100,3,0.0001,False,29,6.491289043426514,659.3727757749997,eval
100,3,0.0001,False,29,6.40752939592328,606.3936701843164,test
100,3,0.0001,False,30,6.559754400171785,706.0982556876553,train
100,3,0.0001,False,30,6.48683120727539,656.4399418814065,eval
100,3,0.0001,False,30,6.402872027012339,603.5760376272692,test
100,3,0.0001,False,31,6.5512022034734745,700.08531309943,train
100,3,0.0001,False,31,6.482577085494995,653.6532979909799,eval
100,3,0.0001,False,31,6.398428866737767,600.9002015406227,test
100,3,0.0001,False,32,6.542851395077175,694.2633775559523,train
100,3,0.0001,False,32,6.478533124923706,651.0152874270483,eval
100,3,0.0001,False,32,6.39420407278496,598.366877157763,test
100,3,0.0001,False,33,6.534682261638152,688.6149501735347,train
100,3,0.0001,False,33,6.474668388366699,648.5041404329326,eval
100,3,0.0001,False,33,6.390174857357092,595.9607787044636,test
100,3,0.0001,False,34,6.526687948112814,683.1318922072295,train
100,3,0.0001,False,34,6.47097225189209,646.1116049182211,eval
100,3,0.0001,False,34,6.386332804696602,593.675458979662,test
100,3,0.0001,False,35,6.518854402069353,677.8014524567376,train
100,3,0.0001,False,35,6.4674312782287595,643.8277865981981,eval
100,3,0.0001,False,35,6.382651772415429,591.4941376707687,test
100,3,0.0001,False,36,6.511171047504131,672.6136190758298,train
100,3,0.0001,False,36,6.464030675888061,641.6421027471835,eval
100,3,0.0001,False,36,6.379116049984045,589.4064714591849,test
100,3,0.0001,False,37,6.5036285840548,667.5595395036512,train
100,3,0.0001,False,37,6.4607632541656494,639.5490087751723,eval
100,3,0.0001,False,37,6.375716192680493,587.4059761886431,test
100,3,0.0001,False,38,6.496221587189242,662.6331953180072,train
100,3,0.0001,False,38,6.457626190185547,637.5458462834712,eval
100,3,0.0001,False,38,6.372445340742145,585.4877969630802,test
100,3,0.0001,False,39,6.488945243705032,657.8291477309223,train
100,3,0.0001,False,39,6.454613285064697,635.627871926691,eval
100,3,0.0001,False,39,6.3693009510374905,583.6496865443254,test
300,3,0.001,False,0,6.699609471182538,812.0886192244036,train
300,3,0.001,False,0,6.515444393157959,675.4940797802733,eval
300,3,0.001,False,0,6.4304546556974715,620.4559777399534,test
300,3,0.001,False,1,6.399306101676745,601.4275634685888,train
300,3,0.001,False,1,6.429971408843994,620.1562167760942,eval
300,3,0.001,False,1,6.343895769955819,569.0087261538899,test
300,3,0.001,False,2,6.161129001878265,473.9628778605501,train
300,3,0.001,False,2,6.40015027999878,601.9354899400372,eval
300,3,0.001,False,2,6.3135420481363935,551.9966890362624,test
300,3,0.001,False,3,5.952771671816834,384.8184527665583,train
300,3,0.001,False,3,6.398363380432129,600.8608520948058,eval
300,3,0.001,False,3,6.311820573974074,551.0472584429857,test
300,3,0.001,False,4,5.767065781813401,319.5985835107806,train
300,3,0.001,False,4,6.414979419708252,610.9281876083749,eval
300,3,0.001,False,4,6.328775163282428,560.4696894112985,test
300,3,0.001,False,5,5.599414144825731,270.26802311576716,train
300,3,0.001,False,5,6.44444577217102,629.1978613445907,eval
300,3,0.001,False,5,6.3585762224699325,577.4236480404621,test
300,3,0.001,False,6,5.446674179827046,231.98533995649328,train
300,3,0.001,False,6,6.482736492156983,653.7575029865745,eval
300,3,0.001,False,6,6.396988877078943,600.0355341698676,test
300,3,0.001,False,7,5.306689070840167,201.68136900052053,train
300,3,0.001,False,7,6.527026481628418,683.3631943978827,eval
300,3,0.001,False,7,6.441230598248933,627.1781294235517,test
300,3,0.001,False,8,5.178222627721281,177.36728297913692,train
300,3,0.001,False,8,6.57532148361206,717.1761476737563,eval
300,3,0.001,False,8,6.489416992455198,658.1395510196122,test
300,3,0.001,False,9,5.060340905800844,157.6442490029103,train
300,3,0.001,False,9,6.626354303359985,754.7256482128098,eval
300,3,0.001,False,9,6.540317435013621,692.5063689186353,test
300,3,0.001,False,10,4.952126286987566,141.47546176935006,train
300,3,0.001,False,10,6.679286422729493,795.7510794891535,eval
300,3,0.001,False,10,6.593021175317597,729.9829482570221,test
300,3,0.001,False,11,4.852600912762504,128.07306389682086,train
300,3,0.001,False,11,6.733648233413696,840.2069524135682,eval
300,3,0.001,False,11,6.646955239145379,770.4349605140161,test
300,3,0.001,False,12,4.760825544340998,116.84234463094366,train
300,3,0.001,False,12,6.7889532947540285,887.9836181156393,eval
300,3,0.001,False,12,6.70167146649277,813.7648697651871,test
300,3,0.001,False,13,4.675904763050569,107.32963105989147,train
300,3,0.001,False,13,6.8446822929382325,938.8749464203362,eval
300,3,0.001,False,13,6.756793457165099,859.8805267086177,test
300,3,0.001,False,14,4.5970503652197685,99.1913055931849,train
300,3,0.001,False,14,6.900570554733276,992.8410241803812,eval
300,3,0.001,False,14,6.812059619970489,908.7405409820368,test
300,3,0.001,False,15,4.5235351171249,92.16082208720827,train
300,3,0.001,False,15,6.956332893371582,1049.7768464474727,eval
300,3,0.001,False,15,6.86720843900714,960.2641847075922,test
300,3,0.001,False,16,4.454745284512511,86.0342338021481,train
300,3,0.001,False,16,7.011817131042481,1109.6690881124077,eval
300,3,0.001,False,16,6.922127104642098,1014.4755968776892,test
300,3,0.001,False,17,4.390122323973566,80.65028384029885,train
300,3,0.001,False,17,7.066953983306885,1172.570918446271,eval
300,3,0.001,False,17,6.976721646492941,1071.4001746875858,test
300,3,0.001,False,18,4.329225291553725,75.8854746729137,train
300,3,0.001,False,18,7.121624898910523,1238.46117361021,eval
300,3,0.001,False,18,7.030815760294597,1130.9528203899315,test
300,3,0.001,False,19,4.27167024775448,71.6411942890142,train
300,3,0.001,False,19,7.17581202507019,1307.4213289558052,eval
300,3,0.001,False,19,7.08438946071424,1193.1945209260548,test
300,3,0.001,False,20,4.217154311318683,67.84015737779133,train
300,3,0.001,False,20,7.229442472457886,1379.4532064990024,eval
300,3,0.001,False,20,7.137382440399706,1258.130842753175,test
300,3,0.001,False,21,4.165443436712281,64.42124285475954,train
300,3,0.001,False,21,7.282515983581543,1454.6432835195264,eval
300,3,0.001,False,21,7.189766465571889,1325.7935510123887,test
300,3,0.001,False,22,4.116319962036916,61.33311824360093,train
300,3,0.001,False,22,7.334964981079102,1532.9740959026335,eval
300,3,0.001,False,22,7.241486064174719,1396.1672240848739,test
300,3,0.001,False,23,4.06955723477225,58.531041343951124,train
300,3,0.001,False,23,7.38678656578064,1614.5096476064646,eval
300,3,0.001,False,23,7.292506753352651,1469.2491299984024,test
300,3,0.001,False,24,4.025002944163787,55.98047359708465,train
300,3,0.001,False,24,7.43794807434082,1699.259886459098,eval
300,3,0.001,False,24,7.342823287896943,1545.0681337853648,test
300,3,0.001,False,25,3.9825193107637586,53.652030244924,train
300,3,0.001,False,25,7.488419914245606,1787.2258894428085,eval
300,3,0.001,False,25,7.3923036508392865,1623.441651316235,test
300,3,0.001,False,26,3.9418974839724026,51.516259895886556,train
300,3,0.001,False,26,7.538099632263184,1878.2572519633839,eval
300,3,0.001,False,26,7.44098032566539,1704.4202893659137,test
300,3,0.001,False,27,3.9030724509149537,49.55446912291768,train
300,3,0.001,False,27,7.5870765018463135,1972.5383637746654,eval
300,3,0.001,False,27,7.488823305096543,1787.9469854471545,test
300,3,0.001,False,28,3.865887248617971,47.74561587703077,train
300,3,0.001,False,28,7.63529299736023,2069.9774601014046,eval
300,3,0.001,False,28,7.535896669354355,1874.1240751931712,test
300,3,0.001,False,29,3.8302633945758524,46.07467245490916,train
300,3,0.001,False,29,7.68274787902832,2170.5760649613762,eval
300,3,0.001,False,29,7.582136597549706,1962.8182410406519,test
300,3,0.001,False,30,3.7961279632698774,44.52843452800002,train
300,3,0.001,False,30,7.729375171661377,2274.180784161772,eval
300,3,0.001,False,30,7.627534607000518,2053.9799048139785,test
300,3,0.001,False,31,3.7633871380080524,43.09414487046422,train
300,3,0.001,False,31,7.775249242782593,2380.9366574227106,eval
300,3,0.001,False,31,7.672171994259483,2147.7412645629292,test
300,3,0.001,False,32,3.7319906573010306,41.76215962106534,train
300,3,0.001,False,32,7.820310325622558,2490.678209394155,eval
300,3,0.001,False,32,7.715985247963353,2243.9326390948463,test
300,3,0.001,False,33,3.7018333948575535,40.52152825995026,train
300,3,0.001,False,33,7.8646370220184325,2603.565216970019,eval
300,3,0.001,False,33,7.758981713077478,2342.5180348947056,test
300,3,0.001,False,34,3.672835207393027,39.36335106446999,train
300,3,0.001,False,34,7.908210792541504,2719.5203247445997,eval
300,3,0.001,False,34,7.801209466499195,2443.5555897417107,test
300,3,0.001,False,35,3.644935340962858,38.28029760435069,train
300,3,0.001,False,35,7.951126804351807,2838.771889492719,eval
300,3,0.001,False,35,7.842741372292502,2547.1780346783257,test
300,3,0.001,False,36,3.618110711757953,37.26709298878055,train
300,3,0.001,False,36,7.9932480144500735,2960.8983990210163,eval
300,3,0.001,False,36,7.883632392214055,2653.493604929698,test
300,3,0.001,False,37,3.5923019372499905,36.31758056992159,train
300,3,0.001,False,37,8.034424285888672,3085.362044601703,eval
300,3,0.001,False,37,7.923604304330391,2761.7071616625526,test
300,3,0.001,False,38,3.5674394562713103,35.42576769267319,train
300,3,0.001,False,38,8.075042381286622,3213.2635480429058,eval
300,3,0.001,False,38,7.962984218932035,2872.6327390200677,test
300,3,0.001,False,39,3.543458938598633,34.58634457148232,train
300,3,0.001,False,39,8.11496109008789,3344.127461942895,eval
300,3,0.001,False,39,8.00163577732287,2985.838160868012,test
300,3,0.0001,False,0,7.236408502627642,1389.096066385942,train
300,3,0.0001,False,0,6.987490549087524,1083.0003271597652,eval
300,3,0.0001,False,0,6.910054842631022,1002.302209673218,test
300,3,0.0001,False,1,6.966386138883411,1060.3837383271318,train
300,3,0.0001,False,1,6.771613178253173,872.7186097264433,eval
300,3,0.0001,False,1,6.691091194487455,805.2004031813091,test
300,3,0.0001,False,2,6.842441795218704,936.7737539813621,train
300,3,0.0001,False,2,6.674453792572021,791.9147859845793,eval
300,3,0.0001,False,2,6.592385517923455,729.5190766456943,test
300,3,0.0001,False,3,6.76277713286571,865.0411974137886,train
300,3,0.0001,False,3,6.616015768051147,746.9630863520822,eval
300,3,0.0001,False,3,6.5328145696405775,687.3300298329169,test
300,3,0.0001,False,4,6.703151132306482,814.9698610957659,train
300,3,0.0001,False,4,6.575676355361939,717.4306983920103,eval
300,3,0.0001,False,4,6.491832507284064,659.73121843878,test
300,3,0.0001,False,5,6.654046971573789,775.9180986014477,train
300,3,0.0001,False,5,6.54525915145874,695.9370086732073,eval
300,3,0.0001,False,5,6.46093001282006,639.6556680002325,test
300,3,0.0001,False,6,6.611320316282093,743.4639785815492,train
300,3,0.0001,False,6,6.520969142913819,679.2363435493348,eval
300,3,0.0001,False,6,6.436281003450093,624.0815216150105,test
300,3,0.0001,False,7,6.572928265628652,715.4618409928837,train
300,3,0.0001,False,7,6.500816230773926,665.6847637441133,eval
300,3,0.0001,False,7,6.415980924639785,611.5403416875755,test
300,3,0.0001,False,8,6.537635888808813,690.6518686685714,train
300,3,0.0001,False,8,6.483668718338013,654.3672370077552,eval
300,3,0.0001,False,8,6.39877278344673,601.1068967012741,test
300,3,0.0001,False,9,6.504610155382727,668.2151185034501,train
300,3,0.0001,False,9,6.4687771987915035,644.6949110644716,eval
300,3,0.0001,False,9,6.383887165471127,592.2253169748574,test
300,3,0.0001,False,10,6.4733793755881806,647.6687488398823,train
300,3,0.0001,False,10,6.455662145614624,636.2949066780558,eval
300,3,0.0001,False,10,6.370853984565065,584.5568182965729,test
300,3,0.0001,False,11,6.443617502848308,628.6769318228746,train
300,3,0.0001,False,11,6.444017190933227,628.9282567242265,eval
300,3,0.0001,False,11,6.359331381948371,577.8598596652962,test
300,3,0.0001,False,12,6.415077947143816,610.9883837614512,train
300,3,0.0001,False,12,6.433622264862061,622.4244558199358,eval
300,3,0.0001,False,12,6.349069419660066,571.9602063605853,test
300,3,0.0001,False,13,6.387575667128604,594.4137746217764,train
300,3,0.0001,False,13,6.424311017990112,616.6558063902409,eval
300,3,0.0001,False,13,6.339891266404536,566.7346849312573,test
300,3,0.0001,False,14,6.360960210490431,578.8018612693121,train
300,3,0.0001,False,14,6.415961790084839,611.5286402472567,eval
300,3,0.0001,False,14,6.331644476505748,562.080161872448,test
300,3,0.0001,False,15,6.335104921944121,564.0285788556248,train
300,3,0.0001,False,15,6.408457670211792,606.9568311805621,eval
300,3,0.0001,False,15,6.324193511092872,557.9076858180119,test
300,3,0.0001,False,16,6.3099212442707815,550.0016313267649,train
300,3,0.0001,False,16,6.401692152023315,602.8643133119243,eval
300,3,0.0001,False,16,6.317434754287987,554.1496376227725,test
300,3,0.0001,False,17,6.2853378597487755,536.6455709498964,train
300,3,0.0001,False,17,6.3955824756622315,599.1922364910599,eval
300,3,0.0001,False,17,6.311299273842259,550.760072296115,test
300,3,0.0001,False,18,6.261296349712926,523.8976546614658,train
300,3,0.0001,False,18,6.390062303543091,595.8937048206067,eval
300,3,0.0001,False,18,6.305728837063438,547.7006272667991,test
300,3,0.0001,False,19,6.237751471690642,511.70662956653524,train
300,3,0.0001,False,19,6.38507716178894,592.9304824102942,eval
300,3,0.0001,False,19,6.300685790547154,544.9455004818642,test
300,3,0.0001,False,20,6.214665522942176,500.0287130844017,train
300,3,0.0001,False,20,6.380584115982056,590.2723945195214,eval
300,3,0.0001,False,20,6.296114218862433,542.4599288754177,test
300,3,0.0001,False,21,6.192008352687216,488.8268577706621,train
300,3,0.0001,False,21,6.376548023223877,587.8948017028131,eval
300,3,0.0001,False,21,6.291988238953707,540.2263611040969,test
300,3,0.0001,False,22,6.169748514126509,478.06586415888677,train
300,3,0.0001,False,22,6.372929229736328,585.7711766208786,eval
300,3,0.0001,False,22,6.288277057179234,538.2251985145542,test
300,3,0.0001,False,23,6.147860103183323,467.7154523390176,train
300,3,0.0001,False,23,6.369696207046509,583.8804231871122,eval
300,3,0.0001,False,23,6.284948917857387,536.4368875920069,test
300,3,0.0001,False,24,6.126318010509523,457.74763204473174,train
300,3,0.0001,False,24,6.366820392608642,582.2037035589626,eval
300,3,0.0001,False,24,6.281974073041949,534.8434423993551,test
300,3,0.0001,False,25,6.105101214514838,448.1379972299817,train
300,3,0.0001,False,25,6.3642802238464355,580.7266846308124,eval
300,3,0.0001,False,25,6.279331039964107,533.4316999524438,test
300,3,0.0001,False,26,6.084190421634251,438.8643737121959,train
300,3,0.0001,False,26,6.36205493927002,579.4358392781943,eval
300,3,0.0001,False,26,6.2769976666099145,532.1884556781083,test
300,3,0.0001,False,27,6.063570682819073,429.90776377041215,train
300,3,0.0001,False,27,6.360121984481811,578.3168977782599,eval
300,3,0.0001,False,27,6.274953716679623,531.1018000343997,test
300,3,0.0001,False,28,6.043227762238592,421.2505394413091,train
300,3,0.0001,False,28,6.358469047546387,577.3617660212894,eval
300,3,0.0001,False,28,6.273190230653997,530.1660347788398,test
300,3,0.0001,False,29,6.023144342960456,412.87477673769854,train
300,3,0.0001,False,29,6.3570710468292235,576.5551777951551,eval
300,3,0.0001,False,29,6.2716876749406785,529.3700289455919,test
300,3,0.0001,False,30,6.003315151247204,404.7684402996134,train
300,3,0.0001,False,30,6.3559239387512205,575.8941858803552,eval
300,3,0.0001,False,30,6.2704416576184725,528.7108354881888,test
300,3,0.0001,False,31,5.9837355898995686,396.9203337517226,train
300,3,0.0001,False,31,6.355010604858398,575.368442327961,eval
300,3,0.0001,False,31,6.269434728120503,528.1787288939114,test
300,3,0.0001,False,32,5.964393872481126,389.3169808050644,train
300,3,0.0001,False,32,6.354313440322876,574.9674556481989,eval
300,3,0.0001,False,32,6.26865229690284,527.7656270009031,test
300,3,0.0001,False,33,5.945280829046527,381.9466079397078,train
300,3,0.0001,False,33,6.353821640014648,574.6847559978756,eval
300,3,0.0001,False,33,6.268086140615898,527.4669137403185,test
300,3,0.0001,False,34,5.926389849084055,374.7989875615439,train
300,3,0.0001,False,34,6.353524589538575,574.5140709698037,eval
300,3,0.0001,False,34,6.267727793308726,527.2779312548622,test
300,3,0.0001,False,35,5.90771465220003,367.8644957171392,train
300,3,0.0001,False,35,6.3534122085571285,574.449510142426,eval
300,3,0.0001,False,35,6.267568621719093,527.1940102674615,test
300,3,0.0001,False,36,5.88924866863805,361.1338512286481,train
300,3,0.0001,False,36,6.353477306365967,574.4869067640306,eval
300,3,0.0001,False,36,6.267600519615307,527.2108269154921,test
300,3,0.0001,False,37,5.87098509633643,354.5981215810911,train
300,3,0.0001,False,37,6.353713579177857,574.6226584374688,eval
300,3,0.0001,False,37,6.267815414227937,527.3241338560059,test
300,3,0.0001,False,38,5.8529175000313005,348.248916028772,train
300,3,0.0001,False,38,6.354114322662354,574.8529808709068,eval
300,3,0.0001,False,38,6.268206102806225,527.5301936221366,test
300,3,0.0001,False,39,5.835039921295949,342.0783899903354,train
300,3,0.0001,False,39,6.354673233032226,575.1743619663151,eval
300,3,0.0001,False,39,6.268764955955639,527.8250879258835,test
500,3,0.001,False,0,6.626132667574108,754.5583925362529,train
500,3,0.001,False,0,6.469380569458008,645.0840184388358,eval
500,3,0.001,False,0,6.383706578037195,592.1183781807472,test
500,3,0.001,False,1,6.172347936874781,479.31017598693853,train
500,3,0.001,False,1,6.416148538589478,611.6428529705624,eval
500,3,0.001,False,1,6.330830072101794,561.62258766376,test
500,3,0.001,False,2,5.7970386651846075,329.32287917645914,train
500,3,0.001,False,2,6.429956998825073,620.1472803776634,eval
500,3,0.001,False,2,6.345139712618108,569.7169808063275,test
500,3,0.001,False,3,5.4715680831517925,237.83284218493995,train
500,3,0.001,False,3,6.480471754074097,652.2785887813667,eval
500,3,0.001,False,3,6.39647682926111,599.7283659330978,test
500,3,0.001,False,4,5.187951727810069,179.10132870187212,train
500,3,0.001,False,4,6.552366876602173,700.9011586558698,eval
500,3,0.001,False,4,6.468212838758502,644.331173672265,test
500,3,0.001,False,5,4.943313708672156,140.23417568156748,train
500,3,0.001,False,5,6.636055107116699,762.0827206793432,eval
500,3,0.001,False,5,6.551475374322188,700.2765821219526,test
500,3,0.001,False,6,4.73419347176185,113.77166164690165,train
500,3,0.001,False,6,6.726332263946533,834.0824546399451,eval
500,3,0.001,False,6,6.6412053191870974,766.0177326812737,test
500,3,0.001,False,7,4.555132348313291,95.11934328720129,train
500,3,0.001,False,7,6.820609188079834,916.5431872307682,eval
500,3,0.001,False,7,6.734169090003298,840.6446937316907,test
500,3,0.001,False,8,4.399129517058022,81.37999792354682,train
500,3,0.001,False,8,6.9167258930206295,1009.0109705806633,eval
500,3,0.001,False,8,6.828508912471303,923.8122999937024,test
500,3,0.001,False,9,4.2609429155659475,70.87678277801194,train
500,3,0.001,False,9,7.013664712905884,1111.7211877212462,eval
500,3,0.001,False,9,6.923587999845806,1015.9587224932195,test
500,3,0.001,False,10,4.13681681950887,62.60322657496675,train
500,3,0.001,False,10,7.110426683425903,1224.6699810097487,eval
500,3,0.001,False,10,7.018527298642878,1117.1401918206207,test
500,3,0.001,False,11,4.023879636047233,55.9176255821757,train
500,3,0.001,False,11,7.206581983566284,1348.2759531845093,eval
500,3,0.001,False,11,7.112989191423383,1227.8122319324675,test
500,3,0.001,False,12,3.920174663902348,50.40924868527051,train
500,3,0.001,False,12,7.301678361892701,1482.7864926671095,eval
500,3,0.001,False,12,7.206500981983385,1348.1667451211895,test
500,3,0.001,False,13,3.8243014629070577,45.800795634751644,train
500,3,0.001,False,13,7.395731992721558,1629.016915818514,eval
500,3,0.001,False,13,7.299276761841356,1479.229705250144,test
500,3,0.001,False,14,3.7349293659894895,41.88506694835548,train
500,3,0.001,False,14,7.48889612197876,1788.0771829124337,eval
500,3,0.001,False,14,7.391167306063468,1621.5979096384265,test
500,3,0.001,False,15,3.651421760901427,38.529406729774806,train
500,3,0.001,False,15,7.580728158950806,1960.0556779742471,eval
500,3,0.001,False,15,7.481782310887387,1775.4022765137338,test
500,3,0.001,False,16,3.5727407198685865,35.614067698341714,train
500,3,0.001,False,16,7.671323471069336,2145.9196292527095,eval
500,3,0.001,False,16,7.571160249542772,1941.3914739037064,test
500,3,0.001,False,17,3.498612581155239,33.06953881433787,train
500,3,0.001,False,17,7.76057318687439,2346.2490590921643,eval
500,3,0.001,False,17,7.659600517206025,2120.9099922721457,test
500,3,0.001,False,18,3.42844133091788,30.82855376840342,train
500,3,0.001,False,18,7.848157234191895,2561.0106230304905,eval
500,3,0.001,False,18,7.746618722614489,2313.735790672723,test
500,3,0.001,False,19,3.3619161426511583,28.844407960786647,train
500,3,0.001,False,19,7.933889770507813,2790.2591910204787,eval
500,3,0.001,False,19,7.831762849238881,2519.3667247924627,test
500,3,0.001,False,20,3.299057858621972,27.087107010886108,train
500,3,0.001,False,20,8.018570594787597,3036.8333635977274,eval
500,3,0.001,False,20,7.914784891563549,2737.457616816797,test
500,3,0.001,False,21,3.2393644630399523,25.51749927898865,train
500,3,0.001,False,21,8.102602825164794,3303.054168897715,eval
500,3,0.001,False,21,7.996727600432279,2971.219044959336,test
500,3,0.001,False,22,3.18285748286125,24.115565005160512,train
500,3,0.001,False,22,8.185454196929932,3588.3730772142503,eval
500,3,0.001,False,22,8.076713645667361,3218.638250980449,test
500,3,0.001,False,23,3.128995322773599,22.85101011647901,train
500,3,0.001,False,23,8.266597051620483,3891.683236451508,eval
500,3,0.001,False,23,8.155621863248056,3482.9045423163134,test
500,3,0.001,False,24,3.0779879928654075,21.71466834670198,train
500,3,0.001,False,24,8.345765285491943,4212.305011389925,eval
500,3,0.001,False,24,8.23284860242877,3762.536471487559,test
500,3,0.001,False,25,3.0294106067755284,20.685037374977412,train
500,3,0.001,False,25,8.422692070007324,4549.133571688354,eval
500,3,0.001,False,25,8.308213233947754,4057.057491104826,test
500,3,0.001,False,26,2.982963331744202,19.746244704906186,train
500,3,0.001,False,26,8.498757190704346,4908.6645139409065,eval
500,3,0.001,False,26,8.382061891388474,4368.00600147771,test
500,3,0.001,False,27,2.939203643391275,18.90078854950487,train
500,3,0.001,False,27,8.573728942871094,5290.822225211834,eval
500,3,0.001,False,27,8.454399878518624,4695.687806260107,test
500,3,0.001,False,28,2.896971150341197,18.11918189551067,train
500,3,0.001,False,28,8.647223472595215,5694.314344564256,eval
500,3,0.001,False,28,8.52504877458539,5039.43259608228,test
500,3,0.001,False,29,2.8569533152457995,17.408408127898205,train
500,3,0.001,False,29,8.718501262664795,6115.007426938147,eval
500,3,0.001,False,29,8.59397009799355,5399.0057649217215,test
500,3,0.001,False,30,2.818599705003266,16.753374572651094,train
500,3,0.001,False,30,8.788460426330566,6558.127678459406,eval
500,3,0.001,False,30,8.661818337022213,5778.031524831075,test
500,3,0.001,False,31,2.782207527731219,16.154643438121553,train
500,3,0.001,False,31,8.857218379974364,7024.914898066709,eval
500,3,0.001,False,31,8.72842788696289,6176.01108752508,test
500,3,0.001,False,32,2.747368800334441,15.601527097571195,train
500,3,0.001,False,32,8.924370346069336,7512.851347000073,eval
500,3,0.001,False,32,8.793309429235626,6590.005283462607,test
500,3,0.001,False,33,2.7141456420605,15.091710839422891,train
500,3,0.001,False,33,8.990678787231445,8027.904285257148,eval
500,3,0.001,False,33,8.856803024024295,7021.99766375232,test
500,3,0.001,False,34,2.6820153904776287,14.61451759479092,train
500,3,0.001,False,34,9.055965843200683,8569.510080891987,eval
500,3,0.001,False,34,8.918964319061814,7472.34625417473,test
500,3,0.001,False,35,2.6513036764585056,14.172502965485162,train
500,3,0.001,False,35,9.119773349761964,9134.131128800696,eval
500,3,0.001,False,35,8.980399215430545,7945.80356980696,test
500,3,0.001,False,36,2.621954176161024,13.762591852776024,train
500,3,0.001,False,36,9.182321395874023,9723.699148353337,eval
500,3,0.001,False,36,9.04029705649928,8436.282736439507,test
500,3,0.001,False,37,2.5938345041030493,13.380982789103891,train
500,3,0.001,False,37,9.243672943115234,10338.943254849306,eval
500,3,0.001,False,37,9.099090559440747,8947.15209933685,test
500,3,0.001,False,38,2.5668847295973034,13.025184200303766,train
500,3,0.001,False,38,9.304460544586181,10986.91770641799,eval
500,3,0.001,False,38,9.157075129057231,9481.284947576347,test
500,3,0.001,False,39,2.5407829590332813,12.689602521250725,train
500,3,0.001,False,39,9.363516254425049,11655.299571792677,eval
500,3,0.001,False,39,9.214633188749614,10043.020441103874,test
500,3,0.0001,False,0,7.09131557513506,1201.4874082961628,train
500,3,0.0001,False,0,6.8453201484680175,939.4740040324813,eval
500,3,0.0001,False,0,6.773773820776689,874.6062812229709,test
500,3,0.0001,False,1,6.83435637726743,929.2300846111095,train
500,3,0.0001,False,1,6.659528646469116,780.1831083820538,eval
500,3,0.0001,False,1,6.583727970457914,723.2304917527603,test
500,3,0.0001,False,2,6.705327115507207,816.7451526243924,train
500,3,0.0001,False,2,6.575788307189941,717.5110205661837,eval
500,3,0.0001,False,2,6.497166432832417,663.2595772761591,test
500,3,0.0001,False,3,6.615655524098975,746.6940458807392,train
500,3,0.0001,False,3,6.525476064682007,682.3045174281616,eval
500,3,0.0001,False,3,6.4450503483153225,629.5783743745656,test
500,3,0.0001,False,4,6.5435542897281485,694.7515431147845,train
500,3,0.0001,False,4,6.490399684906006,658.7866176696613,eval
500,3,0.0001,False,4,6.4089867608589035,607.2780513329358,test
500,3,0.0001,False,5,6.4809944650046845,652.6196310550079,train
500,3,0.0001,False,5,6.463870801925659,641.5395290814209,eval
500,3,0.0001,False,5,6.381992808559485,591.1044928080812,test
500,3,0.0001,False,6,6.424318444015634,616.6603857090003,train
500,3,0.0001,False,6,6.442834053039551,628.1845878894317,eval
500,3,0.0001,False,6,6.360725561777751,578.6660620908428,test
500,3,0.0001,False,7,6.371591160440038,584.9878983519586,train
500,3,0.0001,False,7,6.42566107749939,617.488890655741,eval
500,3,0.0001,False,7,6.343366606193676,568.7077070069025,test
500,3,0.0001,False,8,6.321709143809783,556.5233585171243,train
500,3,0.0001,False,8,6.411384334564209,608.735792042717,eval
500,3,0.0001,False,8,6.328879105417352,560.5279488551292,test
500,3,0.0001,False,9,6.273986408853124,530.5883094983044,train
500,3,0.0001,False,9,6.3993776988983155,601.4706255526532,eval
500,3,0.0001,False,9,6.316658839844821,553.7198316831472,test
500,3,0.0001,False,10,6.22798155923175,506.73164275615034,train
500,3,0.0001,False,10,6.3892309188842775,595.398493820074,eval
500,3,0.0001,False,10,6.306304295857747,548.0158971131108,test
500,3,0.0001,False,11,6.183392035655486,484.6330640644479,train
500,3,0.0001,False,11,6.380639963150024,590.3053604816045,eval
500,3,0.0001,False,11,6.297549741309986,543.239201478051,test
500,3,0.0001,False,12,6.1400030290978584,464.0549765250829,train
500,3,0.0001,False,12,6.373388195037842,586.0400869711143,eval
500,3,0.0001,False,12,6.290173957222386,539.2471268583743,test
500,3,0.0001,False,13,6.097662787152152,444.8169223890762,train
500,3,0.0001,False,13,6.367298603057861,582.4821860348865,eval
500,3,0.0001,False,13,6.283987848382247,535.9215821358387,test
500,3,0.0001,False,14,6.056248306209206,426.7713143624278,train
500,3,0.0001,False,14,6.362235631942749,579.5405485484827,eval
500,3,0.0001,False,14,6.278852471134119,533.1764772436068,test
500,3,0.0001,False,15,6.0156617694430885,409.7969402963933,train
500,3,0.0001,False,15,6.3581005954742436,577.1490750678402,eval
500,3,0.0001,False,15,6.274657960523639,530.944746633485,test
500,3,0.0001,False,16,5.9758309421376286,393.7951861916814,train
500,3,0.0001,False,16,6.354806909561157,575.2512544177962,eval
500,3,0.0001,False,16,6.271320510328862,529.1756986821879,test
500,3,0.0001,False,17,5.936698563078529,378.6826666049681,train
500,3,0.0001,False,17,6.352277889251709,573.7982703998168,eval
500,3,0.0001,False,17,6.268765667028594,527.8254632481621,test
500,3,0.0001,False,18,5.898217445764786,364.38734838973204,train
500,3,0.0001,False,18,6.350448408126831,572.7494769610591,eval
500,3,0.0001,False,18,6.266927593632748,526.8561723932789,test
500,3,0.0001,False,19,5.860348073845236,350.8462431698671,train
500,3,0.0001,False,19,6.349267320632935,572.0734090429573,eval
500,3,0.0001,False,19,6.265749630175139,526.2359204635595,test
500,3,0.0001,False,20,5.823059648530096,338.004648561878,train
500,3,0.0001,False,20,6.34869044303894,571.7434878823725,eval
500,3,0.0001,False,20,6.265184946227492,525.9388473706955,test
500,3,0.0001,False,21,5.786324174995096,325.813188268807,train
500,3,0.0001,False,21,6.348675966262817,571.7352109398106,eval
500,3,0.0001,False,21,6.265195470107229,525.9443823169989,test
500,3,0.0001,False,22,5.750118035536546,314.2277481376579,train
500,3,0.0001,False,22,6.349183053970337,572.0252043570687,eval
500,3,0.0001,False,22,6.265742762046948,526.2323062202103,test
500,3,0.0001,False,23,5.714422935094589,303.2091814371685,train
500,3,0.0001,False,23,6.3501749610900875,572.5928817250151,eval
500,3,0.0001,False,23,6.266792807662696,526.7851643585561,test
500,3,0.0001,False,24,5.679221736060248,292.7215266410272,train
500,3,0.0001,False,24,6.351622552871704,573.4223627048873,eval
500,3,0.0001,False,24,6.268315055914092,527.5876728074367,test
500,3,0.0001,False,25,5.644498939188118,282.7318548725017,train
500,3,0.0001,False,25,6.353503150939941,574.5017543252533,eval
500,3,0.0001,False,25,6.270282711899071,528.62680584234,test
500,3,0.0001,False,26,5.610241246019673,273.21014091405976,train
500,3,0.0001,False,26,6.355793418884278,575.8190251529318,eval
500,3,0.0001,False,26,6.2726717246206185,529.8912117459722,test
500,3,0.0001,False,27,5.576434824201796,264.1282615057819,train
500,3,0.0001,False,27,6.358471441268921,577.3631480668132,eval
500,3,0.0001,False,27,6.2754598667747095,531.3706853033995,test
500,3,0.0001,False,28,5.543066505692963,255.460169645507,train
500,3,0.0001,False,28,6.361517457962036,579.12448702591,eval
500,3,0.0001,False,28,6.278624517875805,533.0549517799517,test
500,3,0.0001,False,29,5.510123856047279,247.18174012506998,train
500,3,0.0001,False,29,6.364912719726562,581.0941080509717,eval
500,3,0.0001,False,29,6.282143534275523,534.9340853088855,test
500,3,0.0001,False,30,5.477595088828323,239.27059038096678,train
500,3,0.0001,False,30,6.368638439178467,583.2631397655255,eval
500,3,0.0001,False,30,6.285997926143178,536.999909587634,test
500,3,0.0001,False,31,5.4454695954282055,231.70606227576036,train
500,3,0.0001,False,31,6.3726757144927975,585.6226935205444,eval
500,3,0.0001,False,31,6.290168293735437,539.2440728479573,test
500,3,0.0001,False,32,5.4137384422823915,224.4691861448473,train
500,3,0.0001,False,32,6.377007827758789,588.1651805546351,eval
500,3,0.0001,False,32,6.294637571301377,541.6594978671652,test
500,3,0.0001,False,33,5.382392903678437,217.54221065548228,train
500,3,0.0001,False,33,6.381620397567749,590.8843999827327,eval
500,3,0.0001,False,33,6.299389521280925,544.2395620198358,test
500,3,0.0001,False,34,5.351425386901594,210.9087102268793,train
500,3,0.0001,False,34,6.386502389907837,593.7761460950595,eval
500,3,0.0001,False,34,6.304409612689102,546.9785636361604,test
500,3,0.0001,False,35,5.32082880460299,204.55334651192678,train
500,3,0.0001,False,35,6.39164255142212,596.8361090037689,eval
500,3,0.0001,False,35,6.309685339007461,549.8718983500479,test
500,3,0.0001,False,36,5.2905970149570045,198.4618747554715,train
500,3,0.0001,False,36,6.397030439376831,600.0604735437472,eval
500,3,0.0001,False,36,6.315204419587788,552.9150757117809,test
500,3,0.0001,False,37,5.260724907247429,192.62107311110478,train
500,3,0.0001,False,37,6.4026572799682615,603.4464353736611,eval
500,3,0.0001,False,37,6.320956598248398,556.1047068808383,test
500,3,0.0001,False,38,5.231207505250588,187.018493044411,train
500,3,0.0001,False,38,6.408513622283936,606.990792623066,eval
500,3,0.0001,False,38,6.326931133604886,559.4371190084951,test
500,3,0.0001,False,39,5.2020410309489975,181.64260196064018,train
500,3,0.0001,False,39,6.414591646194458,610.6913317645693,eval
500,3,0.0001,False,39,6.333119015944631,562.909582595445,test
